id,first_name,last_name,gender,City,Job Title,Salary,Latitude,Longitude
1,Melinde,Shilburne,Female,Nowa Ruda,Assistant Professor,$57438.18,50.5774075,16.4967184
2,Kimberly,Von Welden,Female,Bulgan,Programmer II,$62846.60,48.8231572,103.5218199
3,Alvera,Di Boldi,Female,,,$57576.52,39.9947462,116.3397725
4,Shannon,O'Griffin,Male,Divnomorskoye,Budget/Accounting Analyst II,$61489.23,44.5047212,38.1300171
5,Sherwood,Macieja,Male,Mytishchi,VP Sales,$63863.09,,37.6489954
6,Maris,Folk,Female,Kinsealy-Drinan,Civil Engineer,$30101.16,53.4266145,-6.1644997
7,Masha,Divers,Female,Dachun,,$25090.87,24.879416,118.930111
8,Goddart,Flear,Male,Trélissac,Desktop Support Technician,$46116.36,45.1905186,0.7423124
9,Roth,O'Cannavan,Male,Heitan,VP Product Management,$73697.10,32.027934,106.657113
10,Bran,Trahear,Male,Arbeláez,Mechanical Systems Engineer,$68098.42,4.272793,-74.416014
11,Kylynn,Lockart,Female,El Cardo,Nuclear Power Engineer,$13604.63,-5.85,-79.8833329
12,Rey,Meharg,Female,Wangqingtuo,Systems Administrator I,$73423.70,39.172378,116.931607
13,Kerr,Braden,Male,Sułkowice,Compensation Analyst,$33432.99,49.8151822,19.3771749
14,Mickie,Whanstall,Male,Springfield,Assistant Media Planner,$50838.53,42.1014803,-72.5766759
15,Kaspar,Pally,Male,Chrást,Analyst Programmer,$40163.03,49.7923299,13.4915324
16,Norbie,Gwyllt,Male,Xijiao,Editor,$32492.73,43.4945737,5.8978018
17,Claude,Briant,Female,Mieścisko,Research Assistant II,$51862.48,52.7441662,17.3278637
18,Thain,Habbon,Male,Foros do Trapo,Design Engineer,$42135.67,38.696249,-8.7098337
19,Tiffanie,Pattison,Female,Jabungsisir,Senior Financial Analyst,$91925.08,-7.7232567,113.4686802
20,Ettore,Gerriets,Male,Pedra,Staff Accountant IV,$73921.33,40.7172049,-8.3625148
21,Alon,Chasteau,Male,Xin’e,Web Developer I,$62755.85,49.16291,127.98658
22,Guthrey,Johnke,Male,Xijiao,Developer I,$13708.03,40.7576842,23.1342184
23,Lurleen,Janczak,Female,Rozkishne,Web Developer IV,$29384.72,48.4902808,39.2712224
24,Nichol,Holtum,Female,Město,Paralegal,$27797.98,49.9718258,12.8846277
25,Shaun,Bridle,Female,Xitou,Office Assistant IV,$71279.60,29.866917,118.403786
26,Leandra,Anfrey,Female,Isfahan,VP Product Management,$30201.32,32.6546275,51.6679826
27,Jarvis,Perone,Male,Hägersten,Associate Professor,$55313.18,59.2832062,17.9570059
28,Jaquelyn,Hazard,Female,Dhaka,Tax Accountant,$68368.55,23.810332,90.4125181
29,Prudence,Honacker,Female,Suphan Buri,VP Accounting,$64920.07,14.5466721,100.0795741
30,Cherey,Liger,Female,Itami,Design Engineer,$94566.69,34.7791206,135.4203895
31,Neda,Krop,Female,Ubon Ratchathani,Software Consultant,$48945.40,15.2478876,104.8764505
32,Westleigh,Belderfield,Male,Xiang Ngeun,Accountant III,$78336.59,19.7600399,102.1832854
33,Odell,Morritt,Male,Chalan Pago-Ordot Village,Design Engineer,$72777.48,13.4441374,144.7820914
34,Barbi,Fattorini,Female,Wojcieszków,Desktop Support Technician,$18163.55,51.7840088,22.3268117
35,Base,Summerlad,Male,Changuinola,Business Systems Development Analyst,$53137.80,9.4488704,-82.485187
36,Paddy,Ashness,Male,Ddmashen,Engineer III,$34851.65,40.5684068,44.8157566
37,Nicko,Frays,Male,Caxias,Health Coach I,$99786.40,-4.8654138,-43.3619983
38,Lonnie,Townshend,Female,As Sulayyil,Desktop Support Technician,$44520.89,20.4668679,45.5629394
39,Valida,Salzberg,Female,Pangnirtung,Assistant Professor,$94224.48,66.14511,-65.71252
40,Pierrette,Calow,Female,Kaustinen,Legal Assistant,$85120.77,63.537266,23.6993197
41,Deirdre,Codrington,Female,Buena Vista,Software Engineer I,$85861.33,-17.4586651,-63.6691522
42,Chelsie,Yewdell,Female,Klippan,Engineer IV,$77039.47,56.1357417,13.1119454
43,Hadrian,Crumpe,Male,Rosso,Physical Therapy Assistant,$36879.44,16.5163413,-15.802612
44,Orville,Rigardeau,Male,Kokotów,Data Coordiator,$20350.35,50.0142619,20.096687
45,Gabrielle,Tippings,Female,Huangshi,Editor,$98690.34,30.20003,115.038835
46,Sollie,D'Acth,Male,Mozdok,Design Engineer,$31385.87,43.7454199,44.6830668
47,Karissa,Steinham,Female,Qiligang,Human Resources Assistant III,$56333.77,30.916426,118.734651
48,Farlee,Callen,Male,Tanjungluar,Structural Analysis Engineer,$16866.41,-8.7765432,116.5093719
49,Franklyn,Campo,Male,Rzhavki,Statistician I,$62765.00,56.0127743,37.2229806
50,Joleen,Kermeen,Female,Pointe-Noire,Statistician II,$31536.09,-4.7691623,11.866362
51,Devi,Brownsmith,Female,Mariano Moreno,Structural Analysis Engineer,$11376.58,-34.7061803,-58.3124766
52,Seth,Gosnell,Male,Ovruch,Nurse Practicioner,$40880.00,51.3268314,28.8028968
53,Leonard,Maskell,Male,Pavlovsk,Associate Professor,$70536.96,50.5416699,40.0498042
54,Bartolomeo,Draycott,Male,Zongzhai,VP Product Management,$20313.87,34.746611,113.625328
55,Addison,Goudard,Male,"Palmas De Gran Canaria, Las",Safety Technician IV,$91642.24,28.0990178,-15.4203257
56,Goldina,MacFarlane,Female,Gaohe,Research Nurse,$25341.68,36.145932,113.01869
57,Sigrid,Iglesias,Female,Zhenyuan,Human Resources Manager,$24102.95,27.049109,108.42969
58,Valentine,Farnsworth,Male,Marjayoûn,Software Test Engineer IV,$21209.67,33.3594755,35.5889282
59,Lusa,Kowal,Female,Registro,Financial Advisor,$43176.23,-24.5002295,-47.8448116
60,Rex,Sapsforde,Male,Tartagal,Budget/Accounting Analyst I,$42001.91,-31.4534131,-64.2089174
61,Adam,Seagood,Male,Krajan Siki,Research Associate,$28660.11,-8.1831,111.5359
62,Pierette,Zanelli,Female,Chōfugaoka,Senior Quality Engineer,$72918.12,35.6553472,139.5476397
63,Antone,Erie,Male,Bilohirs’k,Help Desk Operator,$51271.99,45.0577954,34.605095
64,Dougy,Browse,Male,Neftegorsk,Engineer III,$97531.47,44.3665543,39.7099065
65,Faydra,Ashpital,Female,Kakamas,Budget/Accounting Analyst I,$44648.27,-28.672732,20.4284431
66,Trish,Yankeev,Female,Monkayo,Assistant Media Planner,$93014.49,7.8394835,126.0502748
67,Zorine,Dradey,Female,Kembang,Marketing Assistant,$88665.42,-6.4712737,110.8171082
68,Odell,Hanselman,Male,Mosteiros,Senior Editor,$62508.87,39.1935336,-7.2866952
69,Elsey,Leathes,Female,Santa Tecla,Financial Analyst,$57635.05,13.6757837,-89.2894733
70,Elva,Rabley,Female,St. Thomas,Analyst Programmer,$16987.33,42.7665598,-81.1747498
71,Port,Earie,Male,Zheyuan,Environmental Specialist,$55844.60,30.7603427,120.7556573
72,Marmaduke,Eykel,Male,Petrovsk,Web Designer I,$14012.83,52.2876905,45.3602833
73,Joelynn,Schooley,Female,Tân Hiệp,Software Consultant,$51871.31,10.1154358,105.2834404
74,Julietta,Andrusyak,Female,Agios Dimitrios,VP Accounting,$32930.55,37.9356939,23.7294558
75,Roy,Simmonite,Male,Zhongying,Developer I,$49125.16,39.953041,116.371207
76,Jonathon,Rielly,Male,Duzhou,Automation Specialist I,$66832.92,31.298974,120.585289
77,Randa,Yurivtsev,Female,Kandangan,Physical Therapy Assistant,$63633.33,-2.7217612,115.2007728
78,Perri,Brett,Female,Klukeng,Software Test Engineer I,$98439.49,-8.3965,123.0856
79,Timmi,Rapinett,Female,Ul,Operator,$75531.19,40.8157748,-8.489917
80,Kassi,Stoakes,Female,Pingle,Web Designer II,$91516.53,24.633362,110.643305
81,Alvin,Doman,Male,Niny,Research Assistant I,$53258.86,44.4868448,43.9408057
82,Maddy,Francino,Male,Phra Khanong,Administrative Assistant II,$29440.47,13.6910654,100.614025
83,Hillary,Rainsden,Male,Martyush,Tax Accountant,$51071.58,56.3996976,61.8799755
84,Dael,Bediss,Male,Chaloem Phra Kiat,Civil Engineer,$54840.20,9.9533828,98.6111657
85,Gothart,Olivey,Male,Zhongcheng,Assistant Media Planner,$99942.92,22.356083,112.562369
86,Conant,Temby,Male,Xiying,VP Product Management,$49795.04,31.340637,119.823308
87,Celisse,Trevers,Female,Nezlobnaya,Operator,$20601.37,44.1201864,43.4017398
88,Carole,Gavan,Female,Rajapeni,Account Coordinator,$27026.70,-7.2841,108.2148
89,Pablo,Whytock,Male,Villa Paula de Sarmiento,Mechanical Systems Engineer,$94648.51,-32.8842032,-68.7998021
90,Cammie,Stede,Female,Sundbyberg,Senior Editor,$45239.36,59.3687545,17.9778073
91,Ianthe,Szubert,Female,Trollhättan,Marketing Assistant,$26830.47,58.322001,12.3145938
92,Lorene,Loines,Female,Michałowo,Senior Editor,$36636.17,53.0329376,23.6062185
93,Rowen,Terren,Male,Inuyama,Nurse,$35134.88,36.8603732,137.4284822
94,Milka,Brightie,Female,Kítsi,Occupational Therapist,$31388.07,37.8519345,23.8408158
95,Nickolaus,Wollaston,Male,Qorovulbozor Shahri,Registered Nurse,$47221.40,39.50308,64.81142
96,Colette,Corradeschi,Female,Piekoszów,Geological Engineer,$78229.00,50.8816379,20.4659289
97,Emmalynn,Poytres,Female,Santiago dos Velhos,Human Resources Manager,$19591.11,38.9492606,-9.1068816
98,Enrica,Vasyunkin,Female,Fonte Boa,Accounting Assistant I,$30039.87,-2.4681009,-66.1415263
99,Margarete,Andreopolos,Female,Neglasari,Quality Engineer,$23216.03,-6.147133,106.6232359
100,Aime,Phlippi,Female,Leshukonskoye,Account Executive,$15428.49,64.8973466,45.7651734
101,Alene,Odd,Female,María la Baja,Accounting Assistant II,$37379.03,9.9141597,-75.4111644
102,Olivia,Tregidgo,Female,Dahua,Assistant Professor,$28120.01,23.736457,107.998149
103,Westbrooke,Itchingham,Male,Đông Thành,Structural Analysis Engineer,$23180.71,20.2639567,105.9753452
104,Chantal,Darlaston,Female,Kahama,Sales Representative,$27726.38,-3.837556,32.593828
105,Dorisa,Screwton,Female,Kuala Terengganu,Clinical Specialist,$81003.76,5.329576,103.1369108
106,Kory,Sayre,Male,Caen,Office Assistant I,$81237.21,49.285973,-0.4889547
107,Rhodia,Glazzard,Female,Predavac,Actuary,$42166.97,45.9380817,16.7806658
108,Miriam,Jertz,Female,Hekou,Quality Engineer,$27902.32,22.529403,103.93935
109,Thibaud,Muncer,Male,Évry,Human Resources Manager,$77843.68,48.6277459,2.4381665
110,Annadiana,Keward,Female,Jiashi,Paralegal,$23456.67,39.488181,76.723719
111,Dennis,Sutcliff,Male,Partesh,Tax Accountant,$65911.46,42.4008473,21.4332317
112,Andros,De Metz,Male,Cuogang,Director of Sales,$11832.43,50.0588756,23.9736471
113,Tudor,Honeywood,Male,Karney Shomron,Human Resources Manager,$92758.26,32.171553,35.097462
114,Penn,Meeland,Male,Zhuqi,Nurse,$38301.58,22.270978,113.576677
115,Allard,Cordel,Male,Mieścisko,Compensation Analyst,$18907.81,45.8630194,5.947966
116,Marni,Loney,Female,Tayang,Cost Accountant,$40708.57,22.324743,114.211039
117,Alli,Mc Pake,Female,Gerong,Staff Scientist,$58172.73,-6.2002533,106.8221628
118,Jana,Corinton,Female,Hongmiao,Desktop Support Technician,$40968.05,31.9339724,118.670339
119,Luigi,Meadway,Male,Majāz al Bāb,Engineer I,$67858.48,36.6484118,9.6146499
120,Carol-jean,Bette,Female,Nganane,Payment Adjustment Coordinator,$41636.99,-6.4,39.55
121,Verne,Warrior,Male,Guanjiabao,Legal Assistant,$45315.98,40.179599,112.891988
122,Rem,Dumberell,Male,Katima Mulilo,Librarian,$96665.24,-17.5061578,24.2806558
123,Katy,Jovicevic,Female,Mieścisko,Dental Hygienist,$18764.53,58.6841957,15.7513324
124,Jackson,Meriet,Male,Cuogang,Actuary,$82505.36,29.315251,90.599794
125,Marcus,Hulls,Male,Ngã Bảy,Senior Sales Associate,$25805.88,9.8252566,105.8172881
126,Monica,Linfoot,Female,Lázně Kynžvart,Media Manager IV,$36963.69,50.0105928,12.624753
127,Boot,Rosling,Male,Mieścisko,VP Marketing,$26039.31,41.961922,86.483486
128,Beitris,Wolseley,Female,Tafeng,Sales Representative,$76648.16,33.200333,120.50085
129,Franny,Austing,Male,Cuogang,Community Outreach Specialist,$78582.67,43.4945737,5.8978018
130,Bee,Lacrouts,Female,Pećigrad,Assistant Professor,$19415.08,45.054535,15.8966615
131,Larry,Lyard,Male,Monte Leite,Pharmacist,$32623.85,38.7052727,-9.3896587
132,Andrus,Shinn,Male,Siguiri,Senior Editor,$43934.36,11.4148113,-9.1788304
133,Manya,Westall,Female,Macarse,Help Desk Operator,$68709.02,15.42495,120.77476
134,Grant,Tilbrook,Male,Cuogang,Safety Technician III,$29421.53,59.3362401,18.0232365
135,Aubrie,Swyndley,Female,Jarošov nad Nežárkou,Internal Auditor,$82905.58,49.1912902,15.0524346
136,Kellby,Hamprecht,Male,Horodyshche,Chief Design Engineer,$23203.43,49.2917766,31.4465327
137,Killy,Salzen,Male,Asopía,Biostatistician III,$72816.54,38.2990998,23.499468
138,Tadio,MacSkeagan,Male,Basseterre,Compensation Analyst,$29172.07,17.3026058,-62.7176924
139,Laetitia,Gasking,Female,Cuogang,Registered Nurse,$10908.22,32.8279425,13.3818345
140,Andie,Ernshaw,Female,Casma,Executive Secretary,$58377.47,-9.4718308,-78.3006626
141,Klement,Meadowcroft,Male,Fāraskūr,Structural Analysis Engineer,$16800.32,31.3291027,31.7132981
142,Leland,Stratton,Male,Porsgrunn,Help Desk Technician,$63518.65,59.1102039,9.6759643
143,Dew,Browncey,Male,Roanne,Sales Representative,$93339.99,45.161017,1.663862
144,Rocky,Hatherleigh,Male,Munkfors,Administrative Assistant III,$85289.16,59.8557818,13.5485237
145,Tam,Elgey,Male,Margahayukencana,Dental Hygienist,$74381.32,-6.9714991,107.569381
146,Waldemar,Knill,Male,Xiaoshi,Financial Analyst,$93817.51,41.305838,124.120286
147,Sheryl,Werlock,Female,Hollola,Payment Adjustment Coordinator,$93969.04,61.0031692,25.3947277
148,Lizzie,Cridlin,Female,Kenamoen,Electrical Engineer,$69631.29,-10.5411,123.2875
149,Helaine,Boatwright,Female,Varadero,GIS Technical Architect,$66530.40,23.179858,-81.1885293
150,Erhard,Clewer,Male,Kupu,Occupational Therapist,$49458.47,-8.47822,115.245682
151,Vernice,Earle,Female,Kozloduy,Account Representative I,$14866.42,43.7755615,23.7246154
152,Barnabe,Milius,Male,Guohua,Assistant Professor,$48229.48,22.775792,108.317902
153,Rhona,Ohrt,Female,Monte Branco,Pharmacist,$50052.89,37.197624,-8.4405081
154,Winnie,Cumbridge,Male,Grytviken,Professor,$66235.17,-54.281149,-36.5087385
155,Burch,Dewer,Male,Kouvola,Assistant Media Planner,$68685.75,60.7651227,26.7869193
156,Doe,Fintoph,Female,Cassanayan,Graphic Designer,$16314.79,11.5000501,123.0503762
157,Mikkel,Hewins,Male,Wenshao,Programmer Analyst III,$18941.51,27.993828,120.699361
158,Cynthie,Finlow,Female,Nouaseur,Assistant Manager,$36268.65,33.3527276,-7.5788975
159,Georgianne,Henriques,Female,Jinsha,Environmental Specialist,$63954.52,30.679359,104.011664
160,Alane,Southworth,Female,Eindhoven,Programmer Analyst I,$24042.10,51.4131558,5.4852794
161,Carlynn,Freiburger,Female,Kavýli,Programmer Analyst III,$63792.21,41.5622714,26.5126402
162,Angel,Stripp,Male,Otradnaya,Analog Circuit Design manager,$38294.01,44.3559175,41.5113076
163,Valentino,Loxley,Male,Taifu,Software Consultant,$87708.40,41.4642919,-74.3623566
164,Zolly,Bonner,Male,Sa’erhusong,Tax Accountant,$89869.39,47.49371,87.54161
165,Christoforo,Whitington,Male,Makurazaki,Analog Circuit Design manager,$37676.99,31.2840967,130.3267278
166,Buddie,Marley,Male,Rama,Legal Assistant,$34944.80,12.1630333,-84.2199753
167,Buiron,Franzotto,Male,Prusice,Health Coach III,$55731.78,51.3704296,16.9606267
168,Junette,Britzius,Female,Ruokolahti,Automation Specialist IV,$68351.21,61.8628073,29.2775676
169,Trefor,Panas,Male,Kizlyar,VP Marketing,$69030.34,59.902198,30.337848
170,Randi,Othick,Male,Kertamukti,Operator,$75388.39,-6.8031681,107.3050627
171,Howey,Moyes,Male,Villa Bustos,Analog Circuit Design manager,$26791.07,-31.2657738,-64.460387
172,Marita,Whyborn,Female,Sofo-Birnin-Gwari,Biostatistician II,$45680.97,11.01088,6.798413
173,Guglielma,Camden,Female,Lleida,Registered Nurse,$18892.46,41.6543565,0.6251541
174,Roman,Keates,Male,La Soledad,Analyst Programmer,$25810.06,24.762172,-104.927894
175,Etan,Cowey,Male,Mawu,Staff Scientist,$48994.63,23.642114,104.888718
176,Gustaf,Warrington,Male,Imbang,Product Engineer,$46385.22,11.0990419,122.6533918
177,Gerardo,Pentercost,Male,Samal,Technical Writer,$22930.28,14.6874444,120.9638841
178,Rodie,Sagar,Female,Montréal,Staff Accountant IV,$38003.97,45.5080397,-73.564543
179,Laverna,Yuryichev,Female,Lyaskovets,Marketing Assistant,$95106.34,43.0683838,25.7428451
180,Nannie,Matschuk,Female,Manhete,Human Resources Assistant I,$24265.76,41.5485587,-8.5825398
181,Amitie,Stibbs,Female,Dingle,Teacher,$47861.51,10.9991938,122.6717828
182,Rochella,MacAllister,Female,Sacanta,VP Quality Control,$78262.15,-31.4325479,-64.1305924
183,Levi,Govier,Male,Yanglin,Structural Engineer,$13149.16,27.955261,112.497228
184,Lief,Ord,Male,San Quintin,Human Resources Manager,$31630.22,16.004175,120.7806412
185,Lezlie,Tregea,Female,El Salitre,Systems Administrator II,$94859.08,20.0980577,-101.5027855
186,Bob,Doblin,Male,Oleiros,Recruiting Manager,$89036.11,39.9153943,-7.9165006
187,Mab,Faughny,Female,Obiliq,Research Assistant IV,$21039.36,42.6869167,21.0670387
188,Cleo,Seden,Female,Adigeni,Design Engineer,$58517.11,41.6764745,42.7085996
189,Fabien,Burker,Male,Cipeundeuy,Senior Editor,$90248.34,-6.7299868,107.359399
190,Karyn,Lyokhin,Female,Oygon,Software Consultant,$64614.47,28.6882677,77.1349293
191,Kanya,Foucar,Female,Limenária,Office Assistant I,$66705.73,40.6282676,24.5762096
192,Will,Filyushkin,Male,Milići,Senior Quality Engineer,$45605.16,44.1660267,19.0775332
193,Alfons,Dumbleton,Male,Shūsh,Research Assistant III,$88389.56,32.1957948,48.254283
194,Cati,Dallmann,Female,Lanas,Human Resources Manager,$13765.90,18.1686828,120.7050032
195,Giulia,Perton,Female,Yacuiba,Product Engineer,$92180.93,-22.0227557,-63.6775234
196,Farica,Burnhard,Female,Chayek,Systems Administrator III,$60216.07,41.9339521,74.5404694
197,Thibaut,Greenhough,Male,Az Zuwaytīnah,Budget/Accounting Analyst II,$29417.71,30.9541295,20.1194129
198,Willey,Ekell,Male,Uva,Nuclear Power Engineer,$87006.61,56.8802017,52.2966875
199,Raoul,Busst,Male,Umeå,Programmer II,$65110.06,63.827461,20.2599325
200,Sianna,Malshinger,Female,Skuodas,Media Manager III,$70306.29,55.8951461,21.2626042
201,Dallas,Sheals,Male,Santo Antônio do Monte,Food Chemist,$17283.25,-20.0859007,-45.2957103
202,Cathleen,Moens,Female,Manolás,Payment Adjustment Coordinator,$97232.78,36.4343708,25.3447274
203,Arley,Ullock,Male,Burgau,Food Chemist,$42895.45,37.0734616,-8.7751983
204,Merle,Ren,Female,Nusajaya,Account Coordinator,$71637.92,1.424768,103.6487041
205,Mischa,Komorowski,Male,Lunec,Research Assistant II,$82423.71,15.9385737,120.4936932
206,Penrod,Aukland,Male,Maru,Junior Executive,$88916.91,11.3661846,6.3226072
207,Linet,Gossan,Female,Mrganush,Librarian,$35035.14,40.025532,44.5593439
208,Maurizio,Raddenbury,Male,Jiyang,Assistant Manager,$41273.88,36.978537,117.173524
209,Johan,Alishoner,Male,Banxi,VP Sales,$95523.91,41.486981,123.685142
210,Pauline,Koba,Female,Sheshan,Sales Representative,$77840.79,31.091814,121.197458
211,Federica,Baxstare,Female,Nangewer,VP Product Management,$70062.73,-6.7146375,107.4765594
212,Sargent,Shimuk,Male,Mexico,Quality Engineer,$57861.79,14.4783119,121.0331004
213,Jemima,Echlin,Female,Iwŏn-ŭp,Administrative Assistant IV,$37169.96,40.32306,128.65528
214,Edan,Dealy,Male,Jandir,Safety Technician I,$90918.62,-6.9561846,113.9883465
215,Angel,Robjant,Male,Bambous Virieux,Occupational Therapist,$96856.73,-20.3438619,57.7636821
216,Homerus,Grima,Male,Kiupo,Dental Hygienist,$87249.28,7.2149367,124.2404727
217,Eileen,Janca,Female,Al Bīrah,General Manager,$87905.43,31.91001,35.21645
218,Adolpho,Bauman,Male,Gjoa Haven,Pharmacist,$68943.44,68.62602,-95.87836
219,Cristine,Tessier,Female,Heqing,Programmer III,$63273.18,26.560231,100.176498
220,Clayborne,Kirton,Male,Wugong,Programmer III,$62823.11,34.326903,108.117456
221,Adara,Tinghill,Female,Shinaihai,Occupational Therapist,$39544.64,36.994225,99.598035
222,Ruddy,Collop,Male,Tabaquite,Cost Accountant,$45929.46,10.3826543,-61.2984221
223,Garvin,Conisbee,Male,Dijon,Associate Professor,$81452.92,45.2977605,2.5135985
224,Codi,Carder,Female,Kaiapoi,Internal Auditor,$51894.06,-43.417615,172.6519706
225,Annmarie,Simionato,Female,Suchy Las,Health Coach II,$61517.64,52.5125385,16.8395278
226,Lothario,Holley,Male,Asahi,Automation Specialist III,$22727.95,38.1162631,140.8585745
227,Aryn,Mason,Female,Cerro Blanco,Electrical Engineer,$49236.21,14.6628087,-87.7787929
228,Dulcie,Huxton,Female,Clamart,Accounting Assistant II,$68066.76,47.5745404,-2.3578005
229,Estele,Webland,Female,Xiadian,Occupational Therapist,$77354.35,35.621965,118.725698
230,Mannie,Lydiate,Male,Jingling,Design Engineer,$55594.31,30.96187,113.378132
231,Maryjane,McKibben,Female,Khāngāh Dogrān,Geologist III,$95247.14,31.7746473,73.5953173
232,Giles,Russen,Male,Lyeskawka,Environmental Specialist,$28830.91,53.9961392,27.7280809
233,Mirna,Cortez,Female,Kerema,Programmer Analyst II,$44317.10,-7.9637383,145.7717353
234,Peri,Dykas,Female,Dzüyl,Director of Sales,$28106.51,46.7593351,103.5184746
235,Johanna,Oiseau,Female,Sanzao,General Manager,$70049.47,22.0080725,113.3785933
236,Kimberli,Niess,Female,Dąbie,Staff Accountant IV,$60123.61,52.0872281,18.8224372
237,Lutero,Beri,Male,Massaguet,Cost Accountant,$31637.61,12.4830445,15.4390254
238,Verne,Quinion,Male,Schiedam postbusnummers,Structural Analysis Engineer,$25602.20,51.883,4.3577
239,Vivyanne,Astridge,Female,Baoshui,Food Chemist,$11084.34,30.513598,110.361715
240,Lorenza,Brainsby,Female,Ayorou,Cost Accountant,$42273.42,14.7328144,0.9104334
241,Willi,Grishunin,Female,Grenoble,Biostatistician IV,$91579.93,45.1934857,5.7218985
242,Sunny,Weddup,Female,Sanli,Marketing Manager,$73174.19,24.84662,116.746096
243,Dorree,Boor,Female,Sarmanovo,Community Outreach Specialist,$12788.13,55.2519048,52.5882232
244,Alfy,McGrale,Male,Domsjö,Mechanical Systems Engineer,$79852.59,63.2664676,18.6285484
245,Filide,Danielsson,Female,Esfarāyen,Recruiting Manager,$39808.48,37.0666772,57.496673
246,Willyt,Pisculli,Female,Reriz,Accounting Assistant II,$26769.81,40.9034427,-7.9953451
247,Binnie,Concannon,Female,Sungai Iyu,Business Systems Development Analyst,$80136.29,4.4054033,98.1680005
248,Lefty,Osler,Male,Warmare,Data Coordiator,$90661.46,-0.970213,133.9246009
249,Innis,Goldsbrough,Male,Banjar Tengahbelayu,Director of Sales,$41031.96,-3.3179402,114.602959
250,Ettore,Bricknell,Male,Bīr Zayt,VP Sales,$49488.58,31.975314,35.196042
251,Patton,Gumey,Male,Yashio-shi,Staff Accountant I,$82610.81,35.8113988,139.8370142
252,Tabatha,Blackaller,Female,Madimba,Assistant Manager,$98737.87,-10.4,40.333333
253,Brigitta,Heinemann,Female,Santiago,Executive Secretary,$17535.13,14.5672317,121.0298199
254,Dalton,Rubinsztein,Male,Lizhai,Administrative Officer,$88602.74,28.845441,121.131229
255,Jameson,Gaiford,Male,Dahuang,Marketing Manager,$27207.16,40.142128,94.661966
256,Stearn,Niesel,Male,Lungmar,Software Consultant,$31406.56,28.85816,89.94036
257,Leese,Filewood,Female,Nyaungdon,Biostatistician III,$32445.61,17.0437082,95.6431662
258,Sallyann,Allchin,Female,Topeka,Payment Adjustment Coordinator,$71772.27,39.026091,-95.7226884
259,Hobie,Habbon,Male,Guayaquil,VP Marketing,$59911.11,-2.1709979,-79.9223592
260,Melodee,Hugnot,Female,Ringinrejo,Help Desk Operator,$35211.47,-7.9794517,112.0416754
261,Ranee,Mathers,Female,Bantardawa,Assistant Professor,$22561.79,-7.4416099,108.6205315
262,Granny,Presslee,Male,Pindi Gheb,Internal Auditor,$72878.36,33.237626,72.270844
263,Chickie,Vango,Female,Parelhas,Legal Assistant,$79334.91,-6.6858425,-36.6602483
264,Wolfgang,Ingarfield,Male,São Gonçalo do Amarante,Graphic Designer,$78640.95,-5.7852461,-35.3288131
265,Maxy,Stonham,Female,Murmashi,Food Chemist,$98226.16,68.8128001,32.7986688
266,Stevana,Tawton,Female,Salvacion,VP Sales,$90210.70,12.6151,125.039
267,Matteo,Le Teve,Male,Verba,Help Desk Technician,$62976.14,40.557917,-8.5944594
268,Pall,Burkill,Male,Shamakhi,Nuclear Power Engineer,$65228.68,40.6318731,48.6363801
269,Zachary,Oughtright,Male,Librazhd-Qendër,Dental Hygienist,$32805.16,41.136741,20.384833
270,Candace,Lukesch,Female,Mompach,Structural Engineer,$83840.06,49.7514502,6.4641645
271,Cyndie,Docker,Female,Sanshengyuan,Legal Assistant,$28926.95,38.284947,114.443848
272,Shelley,Lissenden,Male,Wringinputih,VP Quality Control,$98603.82,-7.5861751,110.1908889
273,Katerina,Stainton,Female,Heshui,Compensation Analyst,$85375.93,35.819227,108.019549
274,Far,Wyldbore,Male,Lengshuitan,Actuary,$94971.49,26.461076,111.592142
275,Silvanus,Puddan,Male,Mambi,Accounting Assistant I,$59255.43,-3.0412633,119.1158017
276,Alyosha,Guerreiro,Male,Bile,Nurse,$97909.88,48.5004939,39.0489509
277,Sonny,Grent,Male,Yatsushiro,Senior Cost Accountant,$85517.70,35.7914051,140.2792041
278,Adella,Mustchin,Female,Bang Yai,Executive Secretary,$39999.73,13.8274278,100.3666326
279,Walliw,Rotham,Female,Mattawa,Computer Systems Analyst III,$87553.73,46.31681,-78.69957
280,Carri,Machel,Female,Reckange-sur-Mess,Accountant III,$15589.56,49.5636147,6.0123531
281,Gareth,Lutman,Male,Gérakas,Graphic Designer,$28896.44,38.0117509,23.8548387
282,Howey,Beaconsall,Male,Oinoússes,Speech Pathologist,$41038.16,38.5193772,26.2363678
283,Beau,Michelin,Male,Khong,Junior Executive,$67614.26,15.4129378,102.3234816
284,Nicol,Craghead,Male,Wieczfnia Kościelna,VP Product Management,$91685.32,53.1944881,20.4744829
285,Petey,Kyle,Male,Soly,Speech Pathologist,$97968.40,54.5228434,26.1917421
286,Jeanette,Docwra,Female,Noling,Community Outreach Specialist,$64281.88,6.65984,124.09981
287,Alexei,Harriot,Male,Shangjing,Junior Executive,$55711.38,24.390595,114.522393
288,Dynah,Heisman,Female,Tha Ruea,Product Engineer,$74315.43,14.5410506,100.6985155
289,Benji,Lapree,Male,Starotitarovskaya,Librarian,$77556.38,45.2213834,37.1168274
290,Parnell,Ridehalgh,Male,Michałów,Payment Adjustment Coordinator,$52960.88,50.4897179,20.449178
291,Tarra,Iggulden,Female,Bamencheng,Librarian,$15755.36,33.347316,120.16366
292,Fifi,Schankel,Female,Caromatan,General Manager,$12772.66,7.7762319,123.7330073
293,Deane,Falvey,Male,Karvia,Research Nurse,$30329.31,62.1331515,22.55812
294,Quintus,Potticary,Male,São Mamede de Infesta,Senior Editor,$55111.06,41.1846313,-8.598522
295,Maureene,Prebble,Female,Pyshchug,Geological Engineer,$22658.32,58.8882592,45.709456
296,Carlie,Kingsley,Male,Puncaksari,Food Chemist,$42176.07,-6.989299,107.3922752
297,Marlie,Angelo,Female,Cértegui,Speech Pathologist,$21951.41,5.40004,-76.60003
298,Vinny,Karim,Female,Soca,General Manager,$44953.49,-34.683901,-55.709609
299,Alley,Brockington,Male,Balahovit,Community Outreach Specialist,$74464.26,40.2544003,44.6027766
300,Lyon,Wickham,Male,Nggalak,Recruiting Manager,$31690.72,-8.3910094,120.3031871
301,Nita,Rustan,Female,Tadotsu,Business Systems Development Analyst,$55595.30,34.275,133.75
302,Adams,Hempel,Male,Godong,Data Coordiator,$39141.71,-7.0519444,110.7480064
303,Kaela,Kingham,Female,Kaduketug,Editor,$79148.98,-6.598,106.2248
304,Cameron,Quail,Male,Shreveport,Business Systems Development Analyst,$55344.46,32.53,-93.75
305,Clemmie,Gaddas,Male,Vila Viçosa,Administrative Assistant III,$44675.97,38.7754165,-7.41612
306,Elonore,Hindhaugh,Female,Banjar Banyualit,Engineer IV,$57365.10,-8.152161,115.036705
307,Kevon,MacAree,Male,Chorente,Food Chemist,$27607.60,41.4581245,-8.6099118
308,Arron,Filippucci,Male,Modimolle,Senior Quality Engineer,$74282.86,-24.6079128,28.6054979
309,Tiffie,Mauvin,Female,Moulins,Statistician IV,$69062.63,43.6164958,3.8308136
310,Ronny,Tommeo,Female,Gunungmanik,Librarian,$52885.80,-7.0837242,108.4928912
311,Anabella,Yitzovicz,Female,Milotice,Account Representative II,$41786.91,48.9563647,17.1329667
312,Vannie,Jacox,Female,Boliden,Teacher,$63032.27,64.8734795,20.3845205
313,Francyne,Erley,Female,Al ‘Udayn,Automation Specialist II,$38544.57,14.0119593,43.8673222
314,Reece,Elcom,Male,Labuan,Speech Pathologist,$79300.59,5.2805802,115.2384663
315,Lambert,Scotsbrook,Male,Pashiya,GIS Technical Architect,$64250.26,58.434681,58.264291
316,Kiele,Guittet,Female,Pombos,Operator,$22153.99,-8.1565483,-35.3685679
317,Gaspar,Buttle,Male,Kylmäkoski,Human Resources Manager,$71013.56,61.1445749,23.7984078
318,Deni,Wicks,Female,Driyorejo,Executive Secretary,$87771.84,-7.3445521,112.6079459
319,Clementius,McGinn,Male,Tarauacá,Associate Professor,$15800.06,-8.2132323,-71.3824374
320,Eugen,Dakin,Male,Chincha Baja,Geological Engineer,$43872.69,-13.4919595,-76.1667807
321,Kalie,Stollenwerck,Female,Warudoyong,Help Desk Operator,$94061.57,-6.9324984,106.9233176
322,Jory,Noone,Male,Alexandria,Help Desk Operator,$38887.62,38.8189466,-77.0593246
323,Cecilio,de Marco,Male,Borodino,Office Assistant II,$52742.61,46.3039325,29.2402612
324,Libbie,Greenhowe,Female,Heliconia,Administrative Assistant II,$89959.97,6.208781,-75.732944
325,Cole,Romney,Male,Hamilton,Physical Therapy Assistant,$50253.27,-37.786693,175.282269
326,Humfried,Matas,Male,Hengliang,Software Engineer I,$33361.56,32.31876,118.930364
327,Marilin,Bride,Female,Nambak Tengah,Account Executive,$92048.68,-4.8919744,105.2779983
328,Veradis,Churchman,Female,Baalbek,Social Worker,$59975.62,34.0046888,36.2110399
329,Dene,Mould,Male,Matsushima,Research Associate,$74112.07,38.3691874,141.059301
330,Dorian,Fishburn,Male,Lapu-Lapu City,Sales Associate,$47631.99,10.31128,123.951757
331,Bartel,Burgill,Male,Kolochava,Staff Scientist,$51590.58,48.418023,23.7371118
332,Freddy,Rosenwasser,Female,Shar’ya,Database Administrator III,$63188.65,58.3669548,45.5416034
333,Elias,McLaren,Male,Ḩajjah,Business Systems Development Analyst,$52017.77,32.20427,35.13077
334,Jared,McCluney,Male,Garbów,Clinical Specialist,$27445.93,51.370484,22.3461706
335,Dotti,Jenckes,Female,Pho Duc,Director of Sales,$91952.93,14.762796,108.9739954
336,Karlis,Chamney,Male,Saguiaran,Systems Administrator IV,$76379.19,8.039166,124.268625
337,Arron,Isaaksohn,Male,Sinyavino,Help Desk Technician,$70980.13,59.9080511,31.0722897
338,Linus,Estcot,Male,Paris 13,VP Quality Control,$10760.34,43.4945737,5.8978018
339,Theobald,Barrowcliffe,Male,Gomunice,Web Developer I,$96055.81,51.167963,19.4883692
340,Tamas,Roughan,Male,Brampton,Structural Analysis Engineer,$13833.30,52.382748,1.580316
341,Bev,Denzilow,Female,Sanhui,Desktop Support Technician,$16395.10,23.156045,112.896606
342,Colleen,Boone,Female,Guay,Compensation Analyst,$88156.00,-2.673867,139.7728757
343,Scottie,Ogelbe,Male,Caridad,Actuary,$88700.69,14.7339333,121.0688178
344,Janith,Arnaudon,Female,Webuye,Technical Writer,$99368.55,0.5992059,34.779603
345,Adela,Bohills,Female,Sabang,Actuary,$68018.33,14.347522,120.9245309
346,Cris,Lindstrom,Male,Nowosielce-Gniewosz,VP Product Management,$38098.50,49.5730119,22.0608204
347,Allayne,Dooly,Male,Kastornoye,Help Desk Operator,$23794.18,51.8315426,38.1394579
348,Rosita,Bartlett,Female,Gharyan,Technical Writer,$98679.31,32.1717952,13.0184123
349,Mandi,Olivie,Female,Zheleznogorsk,Media Manager III,$18453.02,56.1721987,93.6466243
350,Cindi,Ralph,Female,Timiryazevskiy,Web Designer II,$99142.94,54.9266524,60.7611242
351,Sascha,Matson,Male,Mehona,Tax Accountant,$92313.86,-10.592804,121.8292161
352,Obie,Schoenrock,Male,Melaka,Database Administrator II,$94743.26,3.1121428,101.6935065
353,Florie,Dykas,Female,Esuk Oron,Software Consultant,$30995.49,4.9404494,8.317343
354,Ruddy,Yven,Male,Bailang,Structural Analysis Engineer,$86886.62,34.888685,111.607282
355,Paco,Haddrell,Male,Puerto Galera,Geological Engineer,$57799.70,13.5218669,120.9617948
356,Clement,Goodrick,Male,Žrnovo,Software Engineer II,$74782.64,42.9239012,17.113007
357,Lauri,Beeston,Female,Eskilstuna,Human Resources Assistant III,$39756.88,59.3703069,16.5529968
358,Angelina,Akram,Female,Luleå,Software Test Engineer II,$85459.88,65.6136708,22.1096478
359,Alyse,Meese,Female,Getengan,Safety Technician IV,$23843.06,-3.2325539,119.9484864
360,Priscella,Zorro,Female,Ruda Maleniecka,Quality Control Specialist,$74150.98,51.1448845,20.1864915
361,Cyndy,Lamperti,Female,Hongzhou,Product Engineer,$35707.31,30.274084,120.15507
362,Lianne,Sommerly,Female,Tabālah,Software Test Engineer I,$60641.75,19.9969372,42.2263783
363,Pavia,Brevetor,Female,Xiongzhang,Social Worker,$88610.24,26.5725006,107.9655225
364,Jean,Gilcriest,Male,Kuala Lumpur,Mechanical Systems Engineer,$42634.28,3.1398297,101.6811249
365,Bennett,Tettersell,Male,Rokoy,Sales Associate,$16025.66,-6.192143,106.8209006
366,Brantley,Fearneley,Male,Ourtzagh,Quality Control Specialist,$49494.99,34.5631817,-4.965185
367,Theressa,Fricke,Female,Ituzaingó,Social Worker,$52271.73,-34.7114038,-58.3834251
368,Julieta,Denziloe,Female,Hongjiaguan,Editor,$94923.57,29.474413,110.166477
369,Siffre,Chatterton,Male,Runović,Professor,$58200.36,43.3765475,17.2311774
370,Victor,Goodhew,Male,San Vicente,Editor,$54163.63,14.7596318,121.0589081
371,Petronia,Trowill,Female,Banjar Yehsatang,Health Coach II,$28327.81,-8.3932,114.8028
372,Lyman,Burfitt,Male,Guiping,Community Outreach Specialist,$28755.53,23.394325,110.079379
373,Rocky,McConway,Male,Bradenton,Sales Associate,$12246.73,27.4404047,-82.5828377
374,Amory,Houtbie,Male,Virojoki,Tax Accountant,$55516.69,60.5848255,27.7095936
375,Marcellus,Northgraves,Male,Montecillo,Teacher,$94615.48,10.3166,123.90114
376,Kate,Ruffle,Female,Krajan Sumurtawang,Nurse Practicioner,$65823.54,-6.6641,111.5655
377,Noach,Golling,Male,Yuanqiao,Executive Secretary,$72247.30,32.5639,120.396768
378,Dore,Drummer,Female,Al Mukallā,Clinical Specialist,$12468.70,14.5404328,49.127197
379,Leonardo,Lujan,Male,Pasiraman,Account Executive,$60930.23,-8.2429651,112.1340793
380,Erhard,Merwede,Male,Paris 02,Senior Cost Accountant,$44940.20,43.4945737,5.8978018
381,Lulu,Culligan,Female,Il’ichëvo,Tax Accountant,$43503.56,60.26808,29.7523
382,Abigail,Caple,Female,Nunhala,Internal Auditor,$70577.13,-9.6218,124.4923
383,Romonda,Kellert,Female,Cimongkor,Health Coach II,$90053.02,-6.3624934,106.021195
384,Erika,Fruish,Female,Baima,Associate Professor,$91186.05,29.528923,104.990101
385,Harmonie,Portlock,Female,San Isidro,Graphic Designer,$83451.74,25.7232439,-100.3671389
386,Eward,Trytsman,Male,Amorim,Research Associate,$60601.43,41.40517,-8.7463716
387,Torrey,Arnason,Male,Niños Heroes,Human Resources Assistant III,$41345.69,20.5479443,-97.4513197
388,Cornall,Kimbley,Male,Currais,Design Engineer,$95280.35,41.150307,-8.197896
389,Valentine,Leabeater,Female,Hägersten,Mechanical Systems Engineer,$93673.24,59.305486,18.0023078
390,Arlin,Frayne,Male,Zhizhong,Accountant III,$10913.50,40.087301,116.31098
391,Verge,Hefferan,Male,Cocachacra,Community Outreach Specialist,$90391.71,-17.0918434,-71.7711448
392,Jose,Adami,Male,Leganes,Software Consultant,$47121.28,40.3319506,-3.7686545
393,Michael,O'Quin,Male,Doloplazy,Cost Accountant,$42590.49,49.5671764,17.4114814
394,Vera,Rosenbarg,Female,Šluknov,Research Assistant IV,$49332.48,51.0031913,14.4423662
395,Libbey,Dillet,Female,Tasikmalaya,Nuclear Power Engineer,$65785.16,-7.3505808,108.2171633
396,Zulema,Mulheron,Female,Tromsø,Geological Engineer,$43382.60,69.63186,18.9221
397,Artemus,Tregale,Male,Wanglinkou,Engineer I,$13300.92,38.822691,114.35056
398,Damian,Ferronel,Male,Obudovac,Product Engineer,$63695.13,44.9727255,18.6011657
399,Silvester,Hasely,Male,Tiaong,Research Assistant II,$75543.84,13.9434827,121.3691335
400,Roselle,Spritt,Female,Kakata,Quality Engineer,$90909.30,6.5301553,-10.3441758
401,Roma,O'Shevlan,Male,Las Lomas,Sales Associate,$89750.90,8.4430125,-82.3777335
402,Avram,Extill,Male,Litvínov,Analog Circuit Design manager,$35105.35,50.5965585,13.5929744
403,Mandel,Bollen,Male,Irirum,GIS Technical Architect,$77809.51,14.8431264,120.8685583
404,Lennie,Scripps,Male,San Juan,Executive Secretary,$92340.93,-38.0065623,-57.5753755
405,Alasteir,Sotheby,Male,Secunda,Analyst Programmer,$21326.73,-26.5157792,29.1913918
406,Humfrid,Seppey,Male,Berber,Office Assistant IV,$73827.85,18.029454,33.9917222
407,Valeria,Gallichiccio,Female,Slatyne,Programmer Analyst IV,$88029.11,50.2124156,36.1590565
408,Em,Matej,Female,Esteio,Chemical Engineer,$81976.73,-29.8524975,-51.1845782
409,Bliss,Balasin,Female,Yanaoca,Financial Analyst,$54906.22,-14.2171388,-71.4314206
410,Barney,Guerra,Male,Shah Alam,Safety Technician IV,$49715.88,3.0100681,101.5326734
411,Ailina,Tripcony,Female,Hezuoqiao,Executive Secretary,$92187.97,39.9380845,116.3152113
412,Gram,Jaeggi,Male,Boto,Safety Technician II,$42845.12,-7.6155876,110.7167165
413,Sherrie,Siely,Female,Arys,Senior Cost Accountant,$55981.21,42.4338529,68.8129042
414,Benoit,Oneal,Male,West Jerusalem,Programmer IV,$71282.29,31.768319,35.21371
415,Yul,Wombwell,Male,Šmartno pri Litiji,Nuclear Power Engineer,$35287.31,46.0457437,14.8410058
416,Birch,Foltin,Male,Dubá,Chief Design Engineer,$28119.28,50.5345697,14.5397223
417,Diann,Scough,Female,Zhujiang,Social Worker,$30786.34,22.7694444,113.6216667
418,Nils,Perago,Male,Núi Sập,Occupational Therapist,$36160.91,10.2581682,105.2721456
419,Charita,McGrath,Female,Baraya,Structural Analysis Engineer,$74605.33,3.1852692,-74.9208772
420,Tabbatha,Du Hamel,Female,Ichinoseki,Research Assistant III,$78954.92,38.5370103,140.8544636
421,Emmett,Ellingford,Male,Rychtal,Automation Specialist IV,$90030.35,51.1610189,17.9045829
422,Giuditta,Thundercliffe,Female,Xinying,Geological Engineer,$83766.35,39.9831117,-75.1150466
423,Concordia,Blay,Female,Piúma,Nurse Practicioner,$91322.55,-20.8420055,-40.7357215
424,Rustie,Wilshin,Male,Ādilpur,Product Engineer,$43405.41,27.9926014,69.3162364
425,Tandie,Bootman,Female,Guihulñgan,Director of Sales,$23657.92,10.108752,123.2710674
426,Dodi,Shaudfurth,Female,Marigot,Research Assistant II,$51961.98,18.0675189,-63.0824656
427,Haskell,Hebdon,Male,Baku,Senior Cost Accountant,$66825.30,40.4092617,49.8670924
428,Pernell,Fossitt,Male,Wangchang,Graphic Designer,$36927.53,40.401045,117.998902
429,Alessandro,Shearer,Male,Banjar Kelodan,VP Sales,$51979.53,-8.1233399,115.3389332
430,Terence,Burrage,Male,Banyuresmi,Payment Adjustment Coordinator,$54164.41,-7.1582623,107.9235563
431,Johnathan,Spriggin,Male,Dayr as Sūdān,Senior Financial Analyst,$78187.65,32.03213,35.14844
432,Christos,Runsey,Male,Aiquile,Web Designer IV,$63039.21,-18.2074524,-65.1847957
433,Ezri,Greensite,Male,Seremban,Technical Writer,$20966.22,2.7239834,101.9476452
434,Quintus,Baumert,Male,Dobrica,Assistant Professor,$59318.89,45.2075889,20.8507302
435,Meghann,Danskine,Female,Yŏnan-ŭp,Desktop Support Technician,$98628.61,37.90889,126.16111
436,Lois,Barkley,Female,Calibishie,General Manager,$19180.79,15.5891445,-61.3531023
437,Shel,Cudby,Female,Mojo,Statistician IV,$59886.05,-7.898852,111.9284017
438,Viviene,Bednell,Female,Tabant,Administrative Assistant III,$29107.00,31.6584818,-6.4103979
439,Ulric,Burril,Male,‘Aşīrah al Qiblīyah,Research Associate,$42951.88,32.17842,35.21569
440,Blondie,Ayree,Female,Ayía Triás,Assistant Manager,$34210.42,38.3542718,22.9085768
441,Garrek,Writer,Male,Konstancin-Jeziorna,Payment Adjustment Coordinator,$27826.18,52.0882644,21.1565786
442,Tyne,de Marco,Female,Patulul,Research Nurse,$31349.45,14.41667,-91.16667
443,Romona,Ruoff,Female,Valence,Human Resources Assistant I,$62929.67,46.6669865,3.590421
444,Theda,Elcoux,Female,Venilale,Editor,$84589.36,-8.6417702,126.3795987
445,Noak,Valadez,Male,Itaguaí,Accountant III,$28301.30,-22.8631923,-43.7779091
446,Boot,Frankish,Male,Hauhena,Geologist II,$38597.39,-10.2322,123.9182
447,Imojean,Capper,Female,Lindavista,Account Representative I,$66461.71,21.1494763,-100.956682
448,Lester,Langthorne,Male,HanHuang,Junior Executive,$34173.94,40.142128,94.661966
449,Catrina,Swedeland,Female,Fanrong,VP Sales,$17017.10,29.561775,106.568971
450,Lettie,Rhead,Female,Companhia de Baixo,Sales Associate,$83137.24,38.414101,-28.339109
451,Liesa,Forsyde,Female,Svorónos,Nurse,$90634.78,40.2683581,22.4624484
452,Rutger,Kirman,Male,Zhosaly,Database Administrator I,$74509.57,45.4852437,64.0818612
453,Christian,Bettaney,Female,Gornji Grad,Chief Design Engineer,$39274.72,46.2961712,14.8062347
454,Shanan,Baudasso,Male,Mörön,Tax Accountant,$77940.08,49.6428895,100.1771896
455,Ethan,D'Orsay,Male,Fox Creek,Social Worker,$98138.00,54.40007,-116.80238
456,Garner,Stern,Male,Pangawaren,Desktop Support Technician,$96462.59,-7.3897541,108.8640607
457,Hussein,Pocknell,Male,Kadurahayu,Tax Accountant,$56496.75,-6.5633157,106.1286901
458,Sandra,Hegley,Female,Maraã,Social Worker,$57631.19,-2.3019472,-65.0008536
459,Olimpia,Farge,Female,Kamnica,Professor,$34518.87,46.5734584,15.6125252
460,Valeda,Garvey,Female,Duowa,Product Engineer,$94301.47,-8.784797,115.193565
461,Romy,Boyne,Female,Pysznica,Associate Professor,$31466.58,50.5740977,22.1623714
462,Randene,Eisikowitz,Female,Bogorejo,Account Executive,$91694.79,-6.9424923,111.5200007
463,Margot,Swafield,Female,Cipinang,VP Product Management,$11617.51,-6.2074293,106.8915948
464,Nichols,Sailer,Male,Bantarpanjang,Media Manager II,$69188.23,-6.3034502,106.4563567
465,Cassaundra,Chismon,Female,København,Chemical Engineer,$37744.72,55.6782044,12.5720689
466,Matthiew,Bateup,Male,Itabaiana,Systems Administrator IV,$99502.16,-10.6872332,-37.4329352
467,Sonnnie,Dayment,Female,Santa Rosa,VP Marketing,$47887.07,-27.8706817,-54.4801558
468,Ruddie,Durant,Male,Puutuga,Cost Accountant,$19122.99,-8.8056791,121.7252457
469,Rubetta,Winham,Female,Mocupe,Systems Administrator I,$89665.39,-6.984842,-79.621117
470,Abey,Mesant,Male,Shedok,Sales Associate,$74236.08,44.2167852,40.8422117
471,Noby,Dawney,Male,Rontu,Senior Financial Analyst,$52353.22,-8.4966825,118.7518671
472,Carolin,Huckleby,Female,Jeżów Sudecki,Registered Nurse,$55817.05,50.9575733,15.7384571
473,Orsa,O' Dornan,Female,Presidencia Roque Sáenz Peña,Biostatistician III,$63690.18,-34.6045775,-58.3799949
474,Tiffanie,Fydo,Female,Freiria,Nuclear Power Engineer,$57323.43,39.3442902,-8.9534587
475,Lucie,Middlemiss,Female,Nora,Quality Control Specialist,$71668.52,59.5043187,15.0421807
476,Pearline,Reeds,Female,Kokaj,Financial Analyst,$29234.66,42.2609633,19.5359821
477,Gelya,McGreay,Female,Nanzhao Chengguanzhen,VP Sales,$84407.05,33.505152,112.423014
478,Neille,Glendza,Female,Krasnogvardeyets,Senior Editor,$17541.84,57.9258984,59.970317
479,Karlie,Pietzner,Female,Gävle,Junior Executive,$94513.32,60.6985859,17.112779
480,Roma,Jzak,Male,Benito Juarez,Librarian,$82380.59,19.4102526,-99.0073673
481,Wiley,Jenman,Male,Tomsk,Programmer III,$16504.22,56.484419,84.950397
482,Bettine,McGilben,Female,Mungwi,Marketing Manager,$80418.26,-10.1683268,31.3484448
483,Coreen,Sutherden,Female,Sampit,Statistician IV,$39343.31,-2.5394654,112.9586863
484,Kristen,Romanski,Female,Baalbek,Administrative Assistant II,$47529.18,34.0046888,36.2110399
485,Carola,Himsworth,Female,Krasnomayskiy,Senior Quality Engineer,$54941.78,57.6194,34.40988
486,Adel,Callacher,Female,Bené Beraq,Analyst Programmer,$74349.58,32.084932,34.835226
487,Basile,Efford,Male,Houmt Souk,Software Engineer III,$79870.40,33.8787981,10.850791
488,Dennison,Willoway,Male,Kham Sakae Saeng,Nurse Practicioner,$11630.95,15.3745452,102.1861447
489,Wadsworth,Somes,Male,Soi Dao,Environmental Specialist,$69526.23,13.1314524,102.2104821
490,Griselda,Sainte Paul,Female,Brampton,Accounting Assistant III,$91924.47,43.691162,-79.8408787
491,Blaire,Abbot,Female,Foz Sousa,Nuclear Power Engineer,$20823.72,41.0909864,-8.4901287
492,Elly,Livermore,Female,Puncakwangi,VP Sales,$93689.45,-7.2953035,107.0716609
493,Angel,Robrose,Male,Sawahbaru,Research Associate,$99013.71,-6.2948133,106.7205154
494,Danni,Bonellie,Female,Brokopondo,Legal Assistant,$48210.95,4.7524091,-55.0272904
495,Georgine,Farrier,Female,Chon Buri,Engineer III,$69145.89,13.3600554,100.9849333
496,Johann,Foxon,Male,Pasian,Associate Professor,$99421.34,14.6347254,121.0112199
497,Dill,Rupel,Male,Nar'yan-Mar,Business Systems Development Analyst,$21311.74,67.6710067,53.1078339
498,Bendite,Janew,Female,Messina,Marketing Assistant,$69814.20,38.2739241,15.5562304
499,Bogart,Tearny,Male,Hodkovičky,Sales Representative,$60052.70,50.0231437,14.4142733
500,Byrle,Achromov,Male,Gadžin Han,Mechanical Systems Engineer,$58431.91,43.2270564,22.0309456
501,Almeria,Turbern,Female,Lanús,Structural Engineer,$86294.59,-34.6672811,-58.6162188
502,Tova,Klauer,Female,Kafr Zaytā,Staff Accountant II,$58421.33,35.3740182,36.6012942
503,Michal,Blader,Female,Marcq-en-Barœul,Clinical Specialist,$21873.71,50.667396,3.0751792
504,Cherin,Calverd,Female,Oxapampa,Geological Engineer,$52047.20,-10.5852663,-75.4053367
505,Woodrow,De Beneditti,Male,Amphawa,Geological Engineer,$76400.89,13.4254522,99.9590822
506,Vivia,Bhar,Female,Kishiwada,Assistant Media Planner,$93177.79,34.7266084,135.6196126
507,Ambrosius,Scarlan,Male,Xiyuan,Graphic Designer,$58076.49,30.5859716,114.2689545
508,Sebastian,Skipping,Male,Pogag,Media Manager II,$61203.01,-7.0638,113.5187
509,Briggs,Finlaison,Male,Argostólion,Internal Auditor,$12281.20,38.1731682,20.4899734
510,Terrill,Bleackley,Male,Dallas,Office Assistant IV,$19771.76,32.832584,-96.797592
511,Caye,Goulder,Female,Beni Khiar,Web Designer IV,$21108.23,36.4596214,10.7830826
512,Corny,Nickless,Male,Hyrynsalmi,Chemical Engineer,$52068.97,64.3196092,29.0932259
513,Cherry,Eouzan,Female,Katsuta,Automation Specialist I,$79717.86,37.3051059,136.7493479
514,Abbot,Spaice,Male,Baoyou,Speech Pathologist,$22066.55,40.657978,109.840313
515,Augusto,Fust,Male,Gajrug,Paralegal,$46117.52,-6.4930095,106.3875898
516,Kessia,Brambley,Female,Třemošnice,Mechanical Systems Engineer,$92915.36,49.8691189,15.5800287
517,Scarface,Elsmere,Male,La Rioja,Civil Engineer,$28421.01,-32.9377962,-60.6961061
518,Etty,Bradlaugh,Female,Dschang,Professor,$39262.96,5.4459387,10.0471549
519,Marchall,Gaskal,Male,Buawan,Research Assistant II,$40183.50,14.6423905,120.9575622
520,Lauretta,Seeborne,Female,Fontenay-sous-Bois,Developer IV,$23725.49,48.8493975,2.4751086
521,Joell,Stubs,Female,Rizal,Administrative Officer,$29599.58,14.5665378,121.1092186
522,Waylon,Peart,Male,Nanortalik,Business Systems Development Analyst,$33966.41,60.1391526,-45.2419658
523,Lise,Bigmore,Female,Juntang,Programmer IV,$39072.92,31.031384,118.712281
524,Ofilia,Gilhespy,Female,Tiandiba,Computer Systems Analyst I,$11950.08,28.721763,108.389861
525,Terry,Layton,Female,San Pedro Masahuat,Dental Hygienist,$10808.16,13.5432995,-89.038242
526,Garfield,Benadette,Male,Shiren,Marketing Manager,$56867.78,28.6517036,117.9041296
527,Anthea,Levington,Female,Beishidian,Account Coordinator,$21091.80,35.547333,112.901438
528,Nigel,Steptoe,Male,Kisoro,Automation Specialist I,$54239.27,-1.2834307,29.6904746
529,Frederic,Shortland,Male,Petäjävesi,Budget/Accounting Analyst III,$71207.90,62.2500936,25.18352
530,Tanitansy,Lacer,Female,Bontoc,Programmer I,$84727.61,10.3547319,124.9703005
531,Trudie,Norfolk,Female,Venustiano Carranza,Professor,$11223.75,32.5362744,-116.9353591
532,Sutherland,Pancost,Male,Barusuda,Senior Cost Accountant,$78615.10,-7.3506492,107.8317307
533,Bertrando,Bockh,Male,Périgny,Payment Adjustment Coordinator,$62022.92,49.189451,-0.804935
534,Albie,Kettell,Male,Magugu,VP Sales,$45042.14,-4.0003104,35.778497
535,Vivien,Biggerdike,Female,Ingeniero Guillermo N. Juárez,Biostatistician II,$80058.43,-34.5939526,-58.5769684
536,Berk,Jimpson,Male,Zinder,VP Sales,$99222.84,13.8018124,8.98527
537,Kevina,Linkleter,Female,Camabatela,Senior Developer,$12872.85,-8.1874595,15.3745964
538,Marcellina,Samarth,Female,Cacheu,Web Developer II,$13772.82,12.2732631,-16.1669156
539,Elianora,Lunge,Female,Goulmima,Dental Hygienist,$24385.61,31.6891751,-4.9574947
540,Eugene,Cayle,Male,Kamālia,Budget/Accounting Analyst III,$46879.33,30.7361622,72.6661867
541,Mose,Beardon,Male,Binzhou,Quality Control Specialist,$79866.89,37.38198,117.970699
542,Tracie,Touhig,Male,Boynton Beach,Software Consultant,$72537.71,26.5114554,-80.109357
543,Isidor,Bugbee,Male,Bazar-Korgon,Operator,$83598.00,41.0285386,72.7392711
544,Lark,Hambidge,Female,Myeik,Chemical Engineer,$28860.81,12.4492291,98.6270628
545,Ruby,Fritche,Female,Leninsk,Chemical Engineer,$82739.44,54.896241,59.8586221
546,Hasheem,Scare,Male,Liên Chiểu,Quality Engineer,$94017.15,16.0717704,108.1503823
547,Adena,Halliday,Female,Skellefteå,Professor,$54621.01,64.7633191,21.0631481
548,Bartolomeo,Hackly,Male,Xindian,Account Executive,$57804.08,37.105382,116.694361
549,Petrina,Linacre,Female,Emiliano Zapata,Programmer I,$34644.59,23.2410273,-106.3949498
550,Celie,Frossell,Female,Pak Thong Chai,Executive Secretary,$52647.18,14.6710601,102.026135
551,Hillyer,Stych,Male,Pont-à-Mousson,Systems Administrator IV,$88624.97,48.9308651,6.0376291
552,Ricky,Hallawell,Male,Thorold,Staff Scientist,$19832.05,43.1135996,-79.2169174
553,Lauri,Denisovich,Female,Mineralnye Vody,Geological Engineer,$73810.37,44.2452219,43.0880662
554,Walliw,Frostdick,Female,Vodňany,Financial Analyst,$64781.29,49.1478969,14.1751311
555,Blondy,Tsar,Female,Tambulatana,Financial Analyst,$26980.55,-9.5128,120.1979
556,Denice,Darrow,Female,Trail,Software Test Engineer II,$24315.72,49.0965676,-117.71173
557,Dun,Smaling,Male,Monze,Geologist III,$17134.96,-16.2803207,27.4732571
558,Padraig,Goadbie,Male,Zhuanqukou,General Manager,$36208.18,40.767544,114.886335
559,Davin,Steinor,Male,Sukaraja,Analyst Programmer,$52745.59,-6.6111441,106.8473377
560,Nichole,Grafton,Female,Yangirabot,Automation Specialist III,$17163.53,40.0395689,65.9690392
561,Eveleen,Johansen,Female,Xinzhou,Operator,$81861.88,38.416663,112.734174
562,Dulci,L'Amie,Female,Nan’ao,Mechanical Systems Engineer,$95218.39,23.421724,117.023373
563,Bowie,Biasotti,Male,La Fortuna,Office Assistant II,$82146.31,14.5732425,121.020976
564,Andra,Ambrozewicz,Female,Zhangcun,Chemical Engineer,$45824.56,43.817071,125.323544
565,Tobe,Lago,Female,São Brás de Alportel,Librarian,$96823.13,37.152576,-7.8890523
566,Saundra,Comellini,Male,Glinka,Geological Engineer,$94839.56,55.7538999,37.6451342
567,Cozmo,Croan,Male,Jerada,Health Coach I,$60656.25,34.3061791,-2.1794136
568,Danette,Harrie,Female,Bertioga,Assistant Media Planner,$28885.49,-23.8182859,-46.0851681
569,Valma,Bratton,Female,Kurayoshi,Web Developer II,$32665.89,35.4499037,133.7613311
570,Joella,Boule,Female,Miðvágur,Staff Accountant IV,$60651.48,62.0096447,-6.7716551
571,Moreen,Schubart,Female,Welisara,Legal Assistant,$48376.42,7.0241972,79.9020405
572,Loreen,Garham,Female,Esik,VP Product Management,$92021.14,43.3514833,77.4600674
573,Ulrica,Rosas,Female,Jiupu,Recruiter,$35165.42,25.748008,104.518068
574,Hildagarde,Mocquer,Female,Vicente Guerrero,Human Resources Manager,$71329.00,23.7321074,-103.9832684
575,Richie,Hellicar,Male,Xichuan,Developer IV,$40279.59,33.13782,111.490964
576,Sammy,Desesquelle,Male,Borek,Web Developer IV,$64010.64,50.5372159,15.2311161
577,Lance,Sottell,Male,Ferrol,Civil Engineer,$19025.72,12.309606,121.92404
578,Mignon,Debnam,Female,Guajará Mirim,Social Worker,$81607.74,-10.789321,-65.3301049
579,Valentine,Goose,Male,Stockholm,Junior Executive,$50645.50,59.4213909,17.8590775
580,Gerrie,Sackey,Female,Mina Clavero,Engineer III,$62252.36,-31.730594,-65.006098
581,Sigmund,Dunsmuir,Male,Marićka,Dental Hygienist,$68541.99,44.8657158,16.8537839
582,Ramsay,Milam,Male,Jarash,VP Product Management,$10210.85,32.2746515,35.8960765
583,Helena,Rubert,Female,Mranggen,Pharmacist,$68556.69,-7.0425557,110.5096283
584,Rollie,Kennler,Male,Aveleda,Operator,$35409.58,41.5217223,-8.4574423
585,Janith,Hanse,Female,Ridderkerk,Teacher,$59588.41,51.8530202,4.6175276
586,Emery,Suermeier,Male,Brčko,Geological Engineer,$23825.54,44.8726563,18.8106276
587,Amery,Dodman,Male,Filipowice,VP Product Management,$35960.89,50.186053,20.598197
588,Erminia,Crownshaw,Female,Ar Rawḑ,Nuclear Power Engineer,$62467.78,16.06145,44.81012
589,Bari,Stroton,Female,Same,Legal Assistant,$73369.73,-9.0020538,125.6478189
590,Guinna,Silson,Female,Béja,Technical Writer,$57282.74,36.7333193,9.1843676
591,Mallorie,Kairns,Female,Skene,Nurse Practicioner,$76849.72,57.4924284,12.6475194
592,Rene,Gentiry,Female,Mirny,Structural Analysis Engineer,$68196.87,62.5412431,113.9960031
593,Mattheus,Copas,Male,Gaspar Hernández,Civil Engineer,$26604.38,19.2933162,-70.2583451
594,Abagail,Franklin,Female,Gengwan,Account Coordinator,$67073.36,29.162252,119.729415
595,Holden,Largent,Male,Wangshi,Payment Adjustment Coordinator,$17529.32,39.9810986,116.4217216
596,Ingeborg,Paxforde,Female,Taiping,Automation Specialist IV,$26979.66,53.3004898,-6.2634596
597,Hamlen,Boule,Male,Oruro,Sales Associate,$31940.48,-17.9646772,-67.1060353
598,Nicola,Fawdery,Male,Toledo,Software Engineer III,$14761.91,-24.7289094,-53.7365827
599,Jammal,Neumann,Male,Cotabambas,Systems Administrator I,$42662.24,-14.1187362,-72.2475708
600,Paulie,Sackes,Male,Trmice,Desktop Support Technician,$41614.35,50.6429329,13.9944445
601,Wolf,Brownlea,Male,Santa Bárbara,Software Consultant,$94080.08,15.3178606,-91.6317765
602,Audi,Cloonan,Female,Uherce Mineralne,GIS Technical Architect,$47953.60,49.4702817,22.4000005
603,Garey,Solomon,Male,Hénin-Beaumont,Senior Sales Associate,$55082.75,50.3171905,2.801236
604,Sherry,Somner,Female,Dawusu,Budget/Accounting Analyst III,$34888.70,51.79909,124.537673
605,Deedee,Trippick,Female,Angol,Director of Sales,$43413.15,-37.8060734,-72.7038047
606,Aveline,Gossington,Female,Kỳ Anh,Assistant Media Planner,$42930.18,18.0559583,106.2992912
607,Carilyn,Castanyer,Female,Kajaani,Programmer I,$20224.84,64.0662338,27.5846719
608,Joshia,McDiarmid,Male,Bajingmeduro,Legal Assistant,$11652.99,-6.7497763,111.6712894
609,Roscoe,Utridge,Male,Kuala Lumpur,Mechanical Systems Engineer,$79030.60,3.1523104,101.7178316
610,Waylen,O' Clovan,Male,Khyzy,Marketing Manager,$73169.48,40.9109489,49.0729264
611,Ileane,Tolliday,Female,Clichy,Programmer II,$26236.00,48.9089753,2.3011787
612,Fee,Pavyer,Male,Kazanlŭk,Project Manager,$80257.90,42.61667,25.4
613,Inessa,Florence,Female,Schiedam postbusnummers,Business Systems Development Analyst,$59352.02,51.883,4.3577
614,Bond,Strathe,Male,Jiazhuang,Professor,$97359.14,38.103168,114.045809
615,Frasquito,Hampton,Male,Magtangol,Teacher,$72072.93,14.592558,121.0227579
616,Dale,Walthall,Female,Ursus,Environmental Tech,$11014.99,52.1951226,20.8837885
617,Mollie,Mainson,Female,Nyrob,Administrative Assistant III,$20545.15,60.7412843,56.7240294
618,Isidoro,Gussie,Male,Aix-en-Provence,Administrative Assistant I,$65910.31,43.4914335,5.3707209
619,Derby,Mingard,Male,Thetford-Mines,Design Engineer,$93073.45,46.1098585,-71.2983257
620,Hamil,Eyckelbeck,Male,Gaoshi,Database Administrator I,$10101.92,29.184943,105.055945
621,Gussy,Nast,Female,Juvisy-sur-Orge,Legal Assistant,$98177.48,48.6910817,2.3741324
622,Julita,Gabbatiss,Female,Whitwell,Environmental Tech,$71226.89,54.3886617,-1.555363
623,Emlyn,Carnegy,Male,Aizi,Executive Secretary,$69273.32,24.622426,113.996757
624,Esdras,Trangmar,Male,Islamey,Computer Systems Analyst II,$93275.42,43.6865336,43.5192652
625,Adriaens,Spybey,Female,Tazouta,Clinical Specialist,$73737.72,33.6722582,-4.6308305
626,Marve,Hanning,Male,Yongning,Electrical Engineer,$90015.87,22.75839,108.487368
627,Cherianne,Zoppo,Female,Vaudreuil-Dorion,Nuclear Power Engineer,$73521.65,45.3665513,-73.9713406
628,Barron,Fogel,Male,Zaraysk,Structural Engineer,$63668.34,54.7556556,38.8869951
629,Eamon,Marty,Male,Dikwa,Nurse Practicioner,$39694.92,12.0419812,13.9172992
630,Patten,Nann,Male,Polańczyk,Senior Sales Associate,$98086.05,49.3696768,22.4212003
631,Barbi,Salmons,Female,Leticia,Developer IV,$18561.11,-11.3826999,-75.7560455
632,Georgetta,Scothron,Female,Wujia,Recruiter,$81269.31,43.3153592,129.7678863
633,Bryanty,Mechi,Male,Iraquara,Registered Nurse,$82493.92,-12.2684648,-41.5612423
634,Dore,Cutforth,Female,Íquira,Occupational Therapist,$28989.67,2.8289721,-75.8301537
635,Aggi,O'Regan,Female,Cocachacra,Community Outreach Specialist,$11077.08,-17.0918434,-71.7711448
636,Tadeas,Riley,Male,Paderne,Statistician II,$44332.94,37.1764814,-8.201073
637,Fremont,Mancktelow,Male,Ortega,Graphic Designer,$55226.87,3.8366437,-75.2245693
638,Petronella,Fitzackerley,Female,Ananea,Payment Adjustment Coordinator,$63400.62,-14.68055,-69.534882
639,Claretta,Millyard,Female,Leżajsk,Structural Engineer,$90527.22,50.2620534,22.4210807
640,Abelard,Fawbert,Male,Sumurgayam,Marketing Manager,$84911.09,-6.888394,112.3307965
641,Gannon,Heinreich,Male,Gualmatán,Analog Circuit Design manager,$88032.41,0.919645,-77.567138
642,Niki,Semple,Female,Trảng Bàng,General Manager,$43661.86,11.0328111,106.3645677
643,Romola,Poulett,Female,Verkhniy Dashkesan,Senior Developer,$93279.13,40.49357,46.07175
644,Minnaminnie,Mallia,Female,Chaviña,Nurse,$70794.32,-14.98306,-73.841164
645,Che,Garfirth,Male,Seredka,Developer III,$57257.03,58.1420431,28.203342
646,Anson,Longcaster,Male,Pariaman,Assistant Media Planner,$80054.19,-0.6256517,100.1233396
647,Reid,Lazare,Male,Milín,Dental Hygienist,$28882.97,49.6933676,14.0095887
648,Quincey,Setch,Male,Capela,Information Systems Manager,$53975.70,41.2600949,-8.2803826
649,Nobe,Troni,Male,Sindangheula,Electrical Engineer,$62347.03,-6.1808202,106.1198699
650,Esra,Tilston,Male,Velyka Lepetykha,Food Chemist,$66552.32,47.1634031,33.9366442
651,Maye,Waycot,Female,Skene,Librarian,$61211.56,57.4924284,12.6475194
652,Chancey,Vass,Male,Casal Galego,Help Desk Technician,$42110.03,39.7541856,-8.9232253
653,Kalil,Irce,Male,Svetlanovskiy,Account Coordinator,$23317.59,60.0097637,30.3262125
654,Herrick,Singers,Male,Nuquí,Help Desk Operator,$46405.25,5.709563,-77.2666969
655,Alphard,Sidey,Male,Linglong,Clinical Specialist,$94883.85,37.365238,120.44763
656,Kacie,Leatherborrow,Female,Ccuntuma,Recruiter,$61462.01,-12.0950161,-77.0266968
657,Dewitt,O'Hdirscoll,Male,Atlanta,Software Test Engineer I,$25929.93,33.7654607,-84.38709
658,Trenna,Kilgrew,Female,Ipala,Project Manager,$87266.77,14.5482727,-89.6618378
659,Crosby,Sneezum,Male,Bugarama,VP Accounting,$90470.18,-2.8670033,30.5322273
660,Betta,Francke,Female,Balpyk Bī,Information Systems Manager,$34294.61,44.904219,78.2166516
661,Emmett,Robertson,Male,Kuantan,Administrative Officer,$66460.27,3.9671435,103.40391
662,Gui,Liptrod,Female,Badarganj,Structural Engineer,$85368.52,25.6833446,89.0370477
663,Emalia,Bernardy,Female,Krajan Tengah,Analog Circuit Design manager,$64106.41,-6.4031324,107.4552608
664,Raoul,Milmore,Male,Antas,Structural Engineer,$92500.96,41.400351,-8.5116191
665,Dusty,Blown,Female,Kitakata,Executive Secretary,$52024.12,35.7220364,139.9381482
666,Kara-lynn,Baert,Female,Castle Bruce,Senior Financial Analyst,$35523.37,15.4418966,-61.2583352
667,Gardie,Cordon,Male,Komletinci,Technical Writer,$60304.29,45.1452956,18.9362522
668,Saudra,McAlister,Female,Kista,Sales Representative,$96192.40,59.4135021,17.9194345
669,Lindsay,Currington,Female,Concepción,Legal Assistant,$11824.52,-11.9187621,-75.3149796
670,Phineas,Petrelluzzi,Male,Chimen,Financial Analyst,$74106.14,26.05547,119.239406
671,Gaye,Holley,Female,Timbiras,Environmental Specialist,$59550.40,-4.087067,-43.7142484
672,Sarge,Mathwin,Male,Pirca,Nuclear Power Engineer,$74364.11,-11.24674,-76.661598
673,Reinaldo,Wiles,Male,Spas-Zaulok,Human Resources Manager,$41604.67,56.4768137,36.5752249
674,Colman,Carpe,Male,Ad Dimnah,Tax Accountant,$70973.35,13.4535926,44.18389
675,Jillayne,Abbyss,Female,Oslo,Geological Engineer,$52060.20,59.9374398,10.7160051
676,Shawnee,Bernat,Female,Glatik,Developer IV,$19941.03,-6.9569954,112.5408991
677,Candida,Halversen,Female,Guzhen,Mechanical Systems Engineer,$94642.39,22.613406,113.190869
678,Brian,Ervine,Male,Laguna de Perlas,Media Manager III,$52145.76,12.3390296,-83.6747342
679,Nicoline,Wherrett,Female,Yongfeng,Nurse,$86347.60,27.318852,115.444319
680,Olenolin,Browncey,Male,Telč,Account Representative III,$22420.71,49.2060334,15.5181999
681,Jo-anne,Lomb,Female,Datong,Web Designer I,$64774.90,40.076762,113.300129
682,Sharron,Dominey,Female,Ampanihy,Teacher,$95283.97,-24.6930487,44.7451765
683,Morrie,Chaffin,Male,Idkū,Teacher,$27630.75,31.3052222,30.2992358
684,Matthew,Askin,Male,Puyuan,Quality Control Specialist,$11224.17,30.67705,120.618585
685,Florrie,Hodgets,Female,Viejo Daan Banua,Editor,$43927.50,10.90354,123.0597
686,Christye,Gudge,Female,Gostovići,Nuclear Power Engineer,$88810.46,43.7356628,17.8317085
687,Cobb,Ferrettino,Male,Gesik,Environmental Tech,$22820.25,-6.6763886,108.5270231
688,Tessi,McJarrow,Female,Guarujá,Human Resources Manager,$21176.64,-23.9949104,-46.2568758
689,Colene,Swateridge,Female,Lingqiao,Assistant Media Planner,$81950.88,23.3941709,116.7164574
690,Carroll,Bolduc,Male,Hoorn,Civil Engineer,$14724.40,52.6472404,5.0570439
691,Helyn,Fratson,Female,Sibbo,Software Consultant,$16687.10,60.1941783,24.93914
692,Fawn,Bixley,Female,Philadelphia,Developer II,$28222.83,39.9759847,-75.2537397
693,Danella,Sarsons,Female,St. Anton an der Jeßnitz,Budget/Accounting Analyst I,$89421.01,48.0147763,15.2299747
694,Olivier,Stanlick,Male,Dongshan,Design Engineer,$74449.57,23.701262,117.430061
695,Papagena,Pretsel,Female,Miyata,Quality Control Specialist,$59339.32,38.5779674,140.8225484
696,Ivett,Leggitt,Female,Zaghouan,Analyst Programmer,$32654.48,36.4091188,10.1423172
697,Olympe,Brazelton,Female,Dongtou,Automation Specialist III,$72644.74,27.836154,121.157249
698,Nike,Matula,Female,Salamnunggal,Product Engineer,$97140.86,-7.1045439,107.8961537
699,Winonah,Merryweather,Female,Palumbungan,Structural Analysis Engineer,$63733.05,-7.2652612,109.3575011
700,Charmane,Hatchard,Female,Dogonbadan,VP Sales,$77957.24,30.3659761,50.7936301
701,Nickolaus,Dew,Male,Derzhavīnsk,General Manager,$18182.91,51.098127,66.3165471
702,Andonis,Tollet,Male,Ribeirinha,Environmental Tech,$90193.56,37.1347927,-8.5351366
703,Lia,Denney,Female,Stockholm,GIS Technical Architect,$81081.04,47.0165054,-68.1430064
704,Imogen,Steuhlmeyer,Female,Dayanggezhuang,Social Worker,$78268.32,39.81889,117.42361
705,Fredek,Gibbings,Male,Jamaica,Social Worker,$36978.51,40.6998888,-73.8076421
706,Querida,St. Quintin,Female,Unión,Software Test Engineer II,$83536.05,-32.8916404,-60.7039167
707,Dore,Orto,Female,Dalongzhan,Nurse,$36352.51,29.201587,111.755127
708,Cy,Crouse,Male,Vairão,Actuary,$35983.33,41.3309238,-8.667162
709,Zaria,Vashchenko,Female,Mombok,Actuary,$16810.20,-8.650979,116.3249438
710,Grissel,Windous,Female,Vysotsk,Account Executive,$21401.36,60.6251856,28.568911
711,Horace,Merveille,Male,Chishtiān Mandi,Electrical Engineer,$18229.93,29.9193861,73.0747872
712,Shirlee,Kilpin,Female,Punta de Piedra,Librarian,$40385.81,10.9015165,-64.0857232
713,Mylo,Collman,Male,San Narciso,Structural Analysis Engineer,$20781.12,13.4345789,122.6430631
714,Raffaello,Soitoux,Male,Trang,Structural Analysis Engineer,$93239.19,7.55633,99.61141
715,Rudolf,Finnan,Male,Banyulegi,Associate Professor,$75532.80,-7.316501,112.4455374
716,Burl,Durrant,Male,Podhum,Nuclear Power Engineer,$12016.07,45.3853069,14.4851066
717,Neil,MacCarter,Male,Golina,Environmental Specialist,$64656.40,52.2428641,18.0927297
718,Honoria,Cradoc,Female,Dengok,Speech Pathologist,$28369.85,-7.9499222,110.5304842
719,Myranda,Drinkhill,Female,Lanigan,Research Assistant III,$88604.39,51.85006,-105.03443
720,Harley,Minter,Female,Minakuchi,Assistant Manager,$56605.34,37.0897128,138.1339233
721,Tedd,Bampforth,Male,Nong Muang Khai,Help Desk Technician,$42221.45,18.278467,100.179649
722,Alonso,Gueny,Male,Gaopai,Administrative Officer,$14528.73,25.487867,115.614437
723,Dore,Plackstone,Male,Ibara,Biostatistician I,$22366.43,26.1737172,127.8081231
724,Ardyce,Eisig,Female,Lyon,Human Resources Manager,$76317.87,43.0429124,1.9038837
725,Ware,Fitzmaurice,Male,Salgar,Mechanical Systems Engineer,$46578.21,5.963336,-75.963942
726,Manuel,Behnecke,Male,Jetafe,Geologist IV,$45643.02,10.1315305,124.1775822
727,Omero,Brampton,Male,Beiyang,Senior Sales Associate,$83836.42,23.028301,115.84573
728,Quinn,Pedgrift,Female,Kabīrwāla,VP Accounting,$82044.00,30.3364517,71.756132
729,Sherwood,Misson,Male,Guanyang,Payment Adjustment Coordinator,$56567.31,25.489383,111.160851
730,Nolie,Fredi,Female,Senta,VP Accounting,$55175.88,45.9260128,20.0780937
731,Legra,Manns,Female,Nîmes,Research Associate,$42246.87,43.8447278,4.3520438
732,Leonid,Lyvon,Male,Takeo,Tax Accountant,$79038.72,10.9321519,104.798771
733,Hendrick,Christophle,Male,Xiangdong,Account Executive,$74615.18,27.640075,113.733047
734,Shandee,Probet,Female,Tsaghkunk’,Media Manager I,$83143.40,40.5763147,44.8736389
735,Eal,Goligly,Male,Pétionville,Civil Engineer,$89197.44,18.5138139,-72.2881907
736,Mitchel,Greenroad,Male,Tanjungluar,Senior Editor,$22089.29,-8.7765432,116.5093719
737,Raven,Triggs,Female,Sawahan,Product Engineer,$24608.84,-7.2630131,112.7211714
738,Shana,Hanselmann,Female,Lodan Wetan,Senior Cost Accountant,$84370.64,-6.7967069,111.6213566
739,Jo,Aspden,Female,Guangpu,Dental Hygienist,$29341.95,23.106401,113.459749
740,Irene,Maypole,Female,Banepa,Staff Scientist,$67349.25,27.6332252,85.5277488
741,Maisey,Ianinotti,Female,Tebingtinggi,Executive Secretary,$52767.77,3.3262879,99.1566855
742,Aloin,Niset,Male,Carreira,Marketing Assistant,$69829.64,39.8651684,-8.857121
743,Allix,Kilgallen,Female,Dahuangwei,Staff Accountant II,$66687.59,39.534154,113.087107
744,Neill,Bruty,Male,Guanzhou,Civil Engineer,$77999.96,23.12911,113.264385
745,Dory,Kite,Female,Vasilikón,Recruiting Manager,$97121.81,38.4251725,23.6720959
746,Isador,Gatcliff,Male,Cernay,Technical Writer,$73317.92,47.8074536,7.1769783
747,Giustina,Baines,Female,Kampene,Marketing Manager,$95927.23,-3.5943944,26.6700737
748,Mercedes,Aitken,Female,Bojongbenteng,Senior Developer,$80564.11,-7.1278,108.2102
749,Mohammed,Kasting,Male,Xiaozhai,Chief Design Engineer,$36990.61,33.2192688,112.5282043
750,Fitzgerald,Moorwood,Male,Lamego,Human Resources Assistant I,$64970.85,41.0953745,-7.8123805
751,Aland,Seebert,Male,Oss,Software Engineer I,$40392.24,51.7610501,5.5510411
752,Stefa,Guerrazzi,Female,Blagoevgrad,Help Desk Operator,$86391.82,41.9662209,23.0756589
753,Lesley,Gapper,Female,Slobodka,Project Manager,$22115.57,54.3736161,37.553869
754,Janaya,Oulner,Female,Lobuk,Nurse Practicioner,$12908.38,-8.650979,116.3249438
755,Garvy,Fontin,Male,Lancaster,Physical Therapy Assistant,$68961.70,40.04,-76.31
756,Lacie,Cainey,Female,Puger,Sales Representative,$58241.18,-8.4779418,113.3704466
757,Kristine,Kleinsinger,Female,Kesheng,Chemical Engineer,$20589.38,23.382145,109.56259
758,Benedetta,Caldera,Female,Daming,Tax Accountant,$50157.94,36.285616,115.147814
759,Emanuele,Sprott,Male,Roma,Sales Representative,$50699.31,41.8647615,12.3864842
760,Vicki,Munnings,Female,Dutsin Ma,Speech Pathologist,$15323.10,12.4544798,7.4976536
761,Ara,Truder,Male,Nao,Project Manager,$14007.42,-8.6746707,120.3637277
762,Emlynn,McGiveen,Female,Sanxing,Administrative Assistant IV,$61419.55,29.763892,121.513271
763,Gianni,Dunstone,Male,Polo,Engineer I,$49279.80,14.707895,120.94639
764,Saxe,O' Connell,Male,Ji’an,Health Coach I,$91555.61,27.087637,114.964696
765,Hazlett,Cobbing,Male,Tsiatsan,Accounting Assistant II,$18795.44,40.1852285,44.2668203
766,Ivar,Fitkin,Male,Mwinilunga,Budget/Accounting Analyst I,$32178.18,-11.7401439,24.4232735
767,Bree,Zanre,Female,Embu Guaçu,General Manager,$32996.13,-23.9145043,-46.8486857
768,Tynan,Veysey,Male,Hongos,Research Nurse,$81534.61,-9.1472165,-77.7267877
769,Tomas,Kwietak,Male,Myadzyel,Professor,$70260.97,54.8771794,26.9388432
770,Raynell,Chetwynd,Female,San Andres,Executive Secretary,$52426.80,14.4693883,121.0059518
771,Raye,Moat,Female,Khorosheve,Programmer II,$43603.84,49.854824,36.2090012
772,Valentia,Cicconetti,Female,Bauchi,Systems Administrator I,$71556.44,10.3009641,9.8236533
773,Inna,Worton,Female,Wenquan,Compensation Analyst,$82283.41,31.364042,108.520914
774,Alonso,Dengel,Male,Gostyń,Analyst Programmer,$34110.21,51.9034509,16.955476
775,Alverta,MacNulty,Female,Megalópoli,Geological Engineer,$17299.62,37.401244,22.1364871
776,Rufus,Rydeard,Male,Muyinga,Community Outreach Specialist,$91370.91,-2.8409385,30.3464333
777,Conant,Nacci,Male,Nuevo Berlín,Professor,$25751.75,-32.9809545,-58.0470008
778,Ellery,Spire,Male,Yongfeng,Senior Editor,$74102.61,27.318852,115.444319
779,Cara,Shelbourne,Female,Al Badārī,Software Test Engineer I,$94889.51,26.9915774,31.4155591
780,Mirella,Ruggiero,Female,Arcangel,Tax Accountant,$69854.10,15.976779,120.5648766
781,Lilah,Baile,Female,Kupiskis,Civil Engineer,$85799.53,55.8395478,24.9815513
782,Curt,Lindop,Male,Ribeirão das Neves,Recruiting Manager,$37574.14,-19.7619024,-44.0853572
783,Ellsworth,Peracco,Male,Lanas,Help Desk Operator,$61966.29,18.1686828,120.7050032
784,Marjorie,Dekeyser,Female,San Juan,Desktop Support Technician,$12584.83,14.565668,121.0317737
785,Reba,Corneliussen,Female,Vigia,Executive Secretary,$60274.02,-0.9452342,-48.1002024
786,Clarissa,Chieze,Female,Chlumčany,Design Engineer,$26843.86,50.3348673,13.8437009
787,Lynnelle,Challender,Female,Silikatnyy,Graphic Designer,$37492.58,54.036802,48.3304944
788,Torrin,McCourt,Male,Brooklyn,Executive Secretary,$17326.29,40.68,-73.95
789,Carroll,Flintiff,Female,Kęty,Statistician III,$44224.90,49.880883,19.217373
790,Pat,Van der Merwe,Male,Monte da Boavista,Chemical Engineer,$98586.72,38.8022635,-7.5547842
791,Tamarra,Willmont,Female,Laban,Human Resources Assistant I,$87988.09,3.07548,116.447998
792,Morgana,Kew,Female,Duozhu,Engineer III,$71416.86,23.027797,114.950182
793,Vittorio,Howarth,Male,Longtan,Geologist III,$21357.30,25.075123,117.017536
794,Lyman,Bounde,Male,Liljendal,Analyst Programmer,$36274.01,60.5717591,26.050814
795,Roxine,Kinnett,Female,Gimo,Tax Accountant,$71129.82,60.1734181,18.1771765
796,Gusti,Guidi,Female,Yanjiang,Cost Accountant,$20768.76,30.108216,104.677091
797,Elton,Coase,Male,Bangbayang Kaler,Help Desk Operator,$48986.38,-6.7515973,107.9287898
798,Biron,Richardt,Male,El Monte,Graphic Designer,$85623.28,-33.6815281,-70.9853968
799,Lorri,Dorkin,Female,Denver,Senior Quality Engineer,$32952.39,39.7446895,-104.9933772
800,Andie,Gynni,Female,Trollhättan,Statistician II,$79792.90,58.284686,12.3260336
801,Silvan,Riquet,Male,Ribeiro,Chemical Engineer,$87803.97,40.8951276,-8.5503482
802,Sigismondo,Aggas,Male,Ardabīl,Sales Associate,$64998.88,38.2537363,48.2999901
803,Walker,Pitkins,Male,Sujiazhuang,Payment Adjustment Coordinator,$23901.14,38.407753,114.015532
804,Hillyer,Ancell,Male,Góra,Occupational Therapist,$37925.57,51.669945,16.5376529
805,Ronnie,Asmus,Male,San Carlos,Human Resources Assistant III,$25091.42,-32.7208452,-60.7283624
806,Hanny,Anniwell,Female,Kauit,Senior Financial Analyst,$89945.71,14.3283582,120.9772289
807,Christa,Bricket,Female,Pasirreungit,Systems Administrator III,$93902.37,-6.801576,108.0331918
808,Sherwin,Freire,Male,Toyokawa,Community Outreach Specialist,$12215.95,34.8336386,135.5304048
809,Jed,Shires,Male,Goubétto,Design Engineer,$64130.79,11.423197,43.0024829
810,Elvis,McKague,Male,Jincheng,Biostatistician IV,$95497.91,35.490701,112.851831
811,Leyla,Huelin,Female,Santa Rita,Marketing Assistant,$10766.43,21.0130648,-101.8542461
812,Dolorita,Hawkey,Female,Jackson,Biostatistician II,$69901.04,32.2539326,-90.2481337
813,Harmonia,Carn,Female,Bangbayang Kaler,Accountant IV,$99944.05,-6.7515973,107.9287898
814,Ellary,Drohun,Male,Tembayangan Barat,Electrical Engineer,$69147.74,-6.8827,115.4189
815,Currey,Goodfellow,Male,Pochep,Nurse Practicioner,$26416.62,52.8595744,33.3645241
816,Carney,MacIntosh,Male,Guarenas,Cost Accountant,$52773.31,10.4662629,-66.6168821
817,Rudd,Buzzing,Male,Cầu Giấy,Human Resources Manager,$17626.64,21.0362368,105.7905825
818,Jenine,Fagan,Female,Rancho Nuevo,Occupational Therapist,$49228.24,22.2222241,-100.9256085
819,Astrid,Civitillo,Female,Boracéia,Social Worker,$64899.19,-22.1943942,-48.7780959
820,Griffin,Stainburn,Male,Nysa,Software Test Engineer II,$81008.41,50.4703083,17.3392829
821,Lizette,Roarty,Female,Novorossiysk,Software Consultant,$38833.58,44.7154014,37.7619669
822,Ogden,Moro,Male,Rongxing,Professor,$36273.80,40.784068,122.1039229
823,Dehlia,Knifton,Female,Las Vegas,Assistant Media Planner,$97979.31,36.0457187,-115.3133908
824,Malina,Waylen,Female,Newport,Account Executive,$39530.58,52.6915552,1.6993747
825,Abbye,MacAndreis,Female,Chandmanĭ,Accounting Assistant I,$87792.30,45.3369621,97.9685657
826,Doloritas,Slessor,Female,Abéché,Developer III,$93375.18,13.8359124,20.8433709
827,Jennie,Korejs,Female,Jantake,Sales Associate,$48420.50,-7.2475,108.1563
828,Jakie,Lindner,Male,Melaka,Account Representative II,$40562.70,3.1121428,101.6935065
829,Danny,Blaszczynski,Male,Tangkou,Project Manager,$85083.40,30.070933,118.181531
830,Perren,Schuricht,Male,Farasān,Marketing Manager,$52448.50,16.701895,42.120984
831,Benedict,Kilsby,Male,Maple Ridge,Quality Engineer,$75660.35,49.2227573,-122.6175451
832,Raff,Borne,Male,Comillas Norte,Geologist II,$47990.34,16.959,120.7469
833,Damara,Beaford,Female,Połomia,Environmental Specialist,$10616.44,49.9890993,18.5699721
834,Binnie,Neligan,Female,Longgang,Director of Sales,$34565.59,22.720974,114.246899
835,Inness,Double,Male,Kultayevo,Biostatistician III,$25707.71,57.8948,55.9378
836,Lew,Matschke,Male,Kharagauli,Financial Analyst,$79247.94,42.0223424,43.1936525
837,Sula,Bulled,Female,Kýthnos,Developer IV,$80548.36,37.3933984,24.4173321
838,Amy,Walkley,Female,Burnaby,Assistant Media Planner,$27762.05,49.2574664,-123.0419607
839,Curran,Ladell,Male,Olopa,Developer II,$21720.22,14.6964199,-89.4030568
840,Giovanna,Margrem,Female,Karma,Financial Advisor,$27633.30,53.1307962,30.7935909
841,Gracia,Iacapucci,Female,Dire Dawa,Nuclear Power Engineer,$96380.45,9.6008747,41.850142
842,Harbert,Clemmensen,Male,Puma,Internal Auditor,$90772.00,-6.8316639,39.2827032
843,Bearnard,Vankeev,Male,Rockford,Professor,$70527.24,42.2685543,-89.0965841
844,Sinclair,Kornas,Male,Osiek,Registered Nurse,$16977.98,53.1595566,19.3969614
845,Fraze,Broadhead,Male,Dallas,Account Executive,$36098.65,32.8094568,-96.889555
846,Pattie,Loren,Female,Los Mangos,Community Outreach Specialist,$15288.11,20.543509,-97.4252917
847,Meredithe,Panting,Female,Atlanta,Librarian,$41745.23,33.9253024,-84.3857442
848,Yorker,Pensom,Male,Habingkloang,Environmental Specialist,$56892.97,-8.6981,122.247
849,Arny,Golley,Male,Rouen,Assistant Manager,$71799.04,47.8225694,0.3908219
850,Odelinda,Minchella,Female,Vrbno pod Pradědem,Budget/Accounting Analyst II,$45746.11,50.1209479,17.3831619
851,Denney,Godfrey,Male,Villa del Rosario,Database Administrator IV,$52018.46,7.6834821,-72.4909026
852,Burch,Timblett,Male,Mabai,VP Marketing,$92910.72,23.546343,105.020249
853,Standford,Rawlcliffe,Male,Mnelalete,Quality Control Specialist,$57265.64,-9.889875,124.3032719
854,Bondon,Bebis,Male,Guimbal,Speech Pathologist,$22341.17,10.6626096,122.3214575
855,Mommy,Gladebeck,Female,Lomme,Recruiting Manager,$72160.42,50.6503044,2.9982752
856,Angeline,Ryall,Female,Lakateng,Developer II,$35089.05,-8.2357,124.9124
857,Roddy,Gurney,Male,Kashima,General Manager,$60796.02,37.1845893,136.9002781
858,Henrieta,Kleinstein,Female,Guangdu,Community Outreach Specialist,$69135.90,30.877555,119.420935
859,Willyt,Suttaby,Female,Haykashen,Human Resources Assistant IV,$76556.57,40.0725348,44.3051313
860,Berky,Stuckes,Male,Huangyang,Analog Circuit Design manager,$63001.95,28.650072,121.261886
861,Omero,Wye,Male,Pavlogradka,Pharmacist,$66158.85,54.2048528,73.5658901
862,Jenifer,Luberti,Female,La Ravoire,Accountant II,$13678.17,46.186211,5.916694
863,Randee,Brownstein,Female,Sumberagung,Dental Hygienist,$44627.30,-8.557437,114.0369075
864,Bertie,Bewsy,Male,Poncokusumo,Software Test Engineer II,$25446.48,-8.0515728,112.8343844
865,Tirrell,Mcwhinnie,Male,Cambas,Software Engineer IV,$22641.65,40.0087986,-7.8461427
866,Tamar,Houchin,Female,Fosca,Software Test Engineer I,$89451.13,4.338952,-73.938919
867,Albrecht,Grist,Male,Tambo,Assistant Manager,$40264.91,14.5155311,120.9812921
868,Denver,Olman,Male,Ryazanskaya,Structural Engineer,$56653.70,44.956561,39.5853276
869,Hort,Tolefree,Male,Ust’-Abakan,Statistician III,$54245.94,53.8354447,91.3960432
870,Michaella,Casbon,Female,Kunting,Nurse,$94702.50,13.5267844,-14.6719007
871,Sibley,Bescoby,Female,Orong,Engineer II,$47962.05,-8.6117268,120.2483881
872,Jillane,Masarrat,Female,Ōami,Senior Developer,$36984.44,35.5262299,140.3233207
873,Calhoun,Collcutt,Male,Puyehue,Product Engineer,$51163.68,-40.6607937,-72.6131562
874,Phyllis,Applin,Female,Moulins,Developer IV,$67625.07,43.6164958,3.8308136
875,Rivy,Adney,Female,Mesopotam,Environmental Specialist,$99948.28,39.912087,20.0970781
876,Lianne,Gian,Female,Emmen,Actuary,$59421.89,52.7843212,6.8915145
877,Olivette,Ghidelli,Female,Virginia,Administrative Officer,$67823.45,53.377533,-6.2633149
878,Page,Bambrugh,Male,Czarna Woda,Operator,$21850.51,53.84455,18.09998
879,Dulcine,Torrese,Female,Neochórion,Analog Circuit Design manager,$81293.52,38.7,21.466667
880,Delmor,O'Crigane,Male,Novobiryusinskiy,Cost Accountant,$81698.25,56.9568013,97.7357959
881,Frieda,Castelluzzi,Female,Calebasses,Systems Administrator II,$77236.36,-20.1174305,57.5561071
882,Terrill,Tie,Male,Didian,Pharmacist,$52146.53,30.943659,120.934925
883,Clotilda,Tonks,Female,Phanat Nikhom,Occupational Therapist,$92586.94,13.4522814,101.1815568
884,Wallie,Stewartson,Male,Balazar,Nurse Practicioner,$36602.57,41.5051316,-8.3877778
885,Velma,Shackleford,Female,Ambelókipoi,Data Coordiator,$16676.56,37.7582938,20.8728543
886,Adelice,Acum,Female,Oliveiras,Administrative Assistant I,$43652.28,41.3272921,-8.6275135
887,Shoshanna,Bransgrove,Female,Rio das Ostras,Software Consultant,$47099.85,-22.4206096,-41.8625084
888,Kate,Glanville,Female,Caoyan,Senior Quality Engineer,$20097.84,41.57365,120.4493879
889,Janith,Laurenceau,Female,Ganfang,Director of Sales,$93860.65,40.0580479,116.3333034
890,Nobie,Arkell,Male,Bual,Senior Cost Accountant,$63399.42,7.18016,124.498942
891,Lissie,Abbay,Female,Chifeng,Librarian,$41790.29,42.25785,118.886931
892,Adrianne,Penburton,Female,Chuanbu,Technical Writer,$29159.60,33.011529,114.022298
893,Hyatt,Mulliss,Male,Kandete,Senior Cost Accountant,$96174.94,-9.147484,33.79272
894,Ahmed,Elks,Male,Rožmitál pod Třemšínem,Marketing Assistant,$25529.88,49.6017642,13.8657349
895,Sander,Potteridge,Male,Caper,Operator,$78102.84,-6.2917388,106.8002861
896,Luigi,Cabrales,Male,Koygorodok,Editor,$52016.99,60.4563994,50.9907161
897,Mike,Shillington,Male,Torslanda,Quality Engineer,$66504.42,57.7550378,11.814933
898,Davin,Wincom,Male,Xinsheng,Assistant Media Planner,$77137.47,31.029897,105.220236
899,Goddard,Dyzart,Male,Mabayo,Automation Specialist I,$89474.44,14.641705,120.4786045
900,Bancroft,Donisthorpe,Male,Karangtawar,Senior Developer,$99638.99,-6.9633727,112.3367573
901,Aldin,Matuszkiewicz,Male,East London,Operator,$41468.83,-32.9549324,27.9319131
902,Othella,Duetschens,Female,Xiuying,Accountant II,$87031.46,20.007968,110.293561
903,Trevor,Stretton,Male,San Juan Nepomuceno,Structural Analysis Engineer,$14139.32,9.95114,-75.083828
904,Ellswerth,Pavlik,Male,Kaélé,Staff Accountant II,$78367.86,10.1111834,14.4432179
905,Ashly,Onele,Female,Pongkor,VP Sales,$44539.16,-8.6852273,120.409835
906,Tallie,Durrance,Female,Vose’,Quality Control Specialist,$32389.92,37.8038994,69.636351
907,Koren,Manvelle,Female,Youwei,Senior Quality Engineer,$64311.31,22.58405,113.093384
908,Massimiliano,Cuncarr,Male,Viļaka,Assistant Professor,$39894.26,57.1879589,27.6825031
909,Avery,Tunniclisse,Male,Karlovy Vary,Pharmacist,$46071.13,50.2318521,12.8719616
910,Cammi,Bruun,Female,Huibu,Executive Secretary,$61707.55,35.408609,117.146885
911,Theresita,Bellwood,Female,Donostia-San Sebastian,Internal Auditor,$69239.21,43.3152889,-1.9514657
912,Mile,Heavyside,Male,Irving,Automation Specialist II,$26333.16,32.886855,-96.967936
913,Inez,Orys,Female,Lere,VP Sales,$70333.44,10.4145738,8.5721016
914,Jeremie,Rickaby,Male,Auki,Environmental Tech,$66576.96,-8.7678593,160.6960306
915,Gordan,Middlemist,Male,Lachute,Help Desk Technician,$11926.31,45.6542789,-74.3481941
916,Grethel,Paniman,Female,Jiefang,Physical Therapy Assistant,$76969.67,35.0702051,118.2536287
917,Margette,Rolance,Female,Derbent,Executive Secretary,$67199.13,42.0813751,48.2792467
918,Merralee,Brockley,Female,Karabanovo,Nurse Practicioner,$45568.92,56.3072493,38.701054
919,Catie,Aubrun,Female,Chunghwa,Structural Engineer,$13757.67,38.8605311,125.7898106
920,Petrina,Unitt,Female,Miaoya,Nuclear Power Engineer,$83226.42,32.315889,107.873926
921,Philomena,Orrum,Female,Copán,Analyst Programmer,$40069.90,14.8497254,-89.1467832
922,Eben,Copello,Male,Jaguaruana,Web Designer II,$64732.48,-4.8371532,-37.7662816
923,Traver,Stillwell,Male,Perico,Occupational Therapist,$79520.50,22.7686569,-81.0174917
924,Daven,Pick,Male,Xin’an,Legal Assistant,$49331.40,34.728584,112.132488
925,Rey,Girardy,Male,Malishka,Financial Analyst,$76783.48,39.7376099,45.3925813
926,Ximenez,Nestle,Male,Sukorambi,Media Manager IV,$20017.61,-8.1189113,113.6621236
927,Had,Lightewood,Male,Pignon,Sales Representative,$66709.45,19.3362853,-72.1164358
928,Arny,Barson,Male,Madjeouéni,Assistant Professor,$52651.87,-11.82167,43.27806
929,Wadsworth,Ringer,Male,Quán Hàu,Nurse Practicioner,$70236.33,17.4044214,106.6379724
930,Celestyn,Plesing,Female,Tielou,Web Designer II,$87248.53,32.904916,104.466646
931,Ingar,McGougan,Male,Kiten,Structural Analysis Engineer,$63882.56,42.239717,27.776119
932,Buiron,Hulland,Male,Handaqi,Financial Advisor,$37728.68,25.461545,118.31969
933,Timofei,Crucitti,Male,Toroy,Professor,$62848.87,-6.1923925,106.8218403
934,Clerc,Sanchez,Male,Prachin Buri,Statistician IV,$23920.37,14.1060399,101.3470213
935,Rene,Ferenc,Male,Juvisy-sur-Orge,Analog Circuit Design manager,$55079.80,48.6910817,2.3741324
936,Rori,Buttner,Female,Kowŏn-ŭp,Project Manager,$51438.29,39.43806,127.24306
937,Donnie,Warbys,Male,Finspång,Environmental Tech,$94374.57,58.6842321,15.7861546
938,Raleigh,Trussler,Male,Las Minas,Legal Assistant,$52100.58,7.8005358,-80.7463852
939,Dame,Kingswold,Male,Kratié,Desktop Support Technician,$32657.16,12.4896877,106.0287512
940,Kayley,Mattityahou,Female,Golynki,Senior Financial Analyst,$35622.75,54.8675594,31.3957567
941,Titus,Oxtiby,Male,Tengah,Senior Quality Engineer,$39837.19,-7.150975,110.1402594
942,Marinna,Roger,Female,Jinqiao,Director of Sales,$75199.50,31.266133,121.611248
943,Arlyne,Sandars,Female,Sterlibashevo,Help Desk Technician,$26910.64,53.43755,55.2578
944,Berrie,Erdes,Female,Krasna,Account Representative I,$72022.79,48.2240339,23.9298885
945,Fayth,Pluvier,Female,Gongdao,Physical Therapy Assistant,$40437.29,36.067108,120.382609
946,Belinda,Debow,Female,Tlatah,Executive Secretary,$53573.19,-7.2120117,111.692902
947,Alexei,Durston,Male,Zhuxi,Cost Accountant,$15849.42,32.318255,109.715304
948,Yule,Louche,Male,Kebon,Design Engineer,$50278.90,-6.183459,106.7647475
949,Jasen,Ivens,Male,Gyodong,Compensation Analyst,$74819.52,37.7838437,126.283172
950,Tremayne,Thickett,Male,Nalinggou,Software Engineer III,$65765.49,40.99849,111.1617
951,Levy,Kleinlerer,Male,Yichun,Mechanical Systems Engineer,$62584.59,27.815743,114.416785
952,Rustin,Wozencraft,Male,Santo Tomas,Human Resources Assistant I,$88195.81,7.5273576,125.6239227
953,Christy,Callicott,Female,Severo-Zadonsk,Operator,$30192.09,54.0474092,38.404411
954,Honoria,Rapps,Female,Copán,Librarian,$70378.23,14.8497254,-89.1467832
955,Neala,Harcombe,Female,Figueira Castelo Rodrigo,Dental Hygienist,$27831.09,40.8946241,-6.9635613
956,Kinny,Salmen,Male,Cergy-Pontoise,Systems Administrator II,$62163.80,49.039076,2.074954
957,Claribel,Rubertelli,Female,Ust’-Kut,Research Assistant III,$50676.27,56.7952392,105.8855714
958,Reuven,Curtin,Male,Dokuchayevs’k,Statistician IV,$59545.48,47.758214,37.6772484
959,Maurita,Tomlins,Female,Batutulis,Sales Associate,$16321.66,-6.6215219,106.8075136
960,Gabrila,Halegarth,Female,Paris 14,Physical Therapy Assistant,$16156.38,43.4945737,5.8978018
961,Faun,Jamieson,Female,Bestala,Systems Administrator II,$30266.46,-8.2451851,114.9724513
962,Lilas,Short,Female,Storuman,Engineer I,$61503.28,65.0081559,17.0061406
963,Duff,Mussettini,Male,Misasi,Information Systems Manager,$20105.44,-3.012309,33.0873408
964,Beltran,Baudet,Male,Oytal,Payment Adjustment Coordinator,$89363.01,42.8911415,73.2320957
965,Oliviero,Ghelarducci,Male,Corpus,Desktop Support Technician,$35178.18,13.2881184,-87.0336925
966,Maribel,Palia,Female,Floresta,Actuary,$84566.91,-8.5969261,-38.5743503
967,Cherey,Spittal,Female,Kenscoff,Automation Specialist IV,$25525.55,18.4521371,-72.2867105
968,Leslie,Peye,Male,Pinaring,Financial Analyst,$72105.50,7.2333331,124.25
969,Hewet,Dulwich,Male,San Agustín,Account Coordinator,$46495.22,14.8182209,-88.9377949
970,Reagen,Malatalant,Male,Jiyang,Engineer III,$69976.55,36.978537,117.173524
971,Dorise,Pedrozzi,Female,Yuktae-dong,Budget/Accounting Analyst II,$99250.83,40.026852,128.161102
972,Melonie,Ellcock,Female,Yuncheng,Office Assistant III,$17959.15,35.026516,111.00746
973,Tanny,Stit,Male,Yesan,Speech Pathologist,$42856.62,36.6826123,126.8483951
974,Vinita,Blagbrough,Female,Stanisław Górny,Environmental Specialist,$59112.50,49.8922979,19.621588
975,Kinnie,Kordovani,Male,Bryansk,Environmental Specialist,$65252.32,53.3249623,34.374358
976,Stavros,Glynn,Male,Panggungrejo,Assistant Professor,$69033.20,-7.6385033,112.9148168
977,Kylie,M'cowis,Female,Saint Louis,VP Sales,$36990.32,38.6206914,-90.4408037
978,Bancroft,Daughtrey,Male,Sobang,Associate Professor,$94147.65,-6.6111074,105.7703287
979,Mariette,Boam,Female,Citalahab,Structural Analysis Engineer,$42011.18,-7.4813316,108.4187029
980,Celestyn,Wennam,Female,Radovitskiy,Technical Writer,$97060.13,55.1264168,39.7951718
981,Claudianus,Harlowe,Male,Daet,Speech Pathologist,$82058.79,14.097615,122.956811
982,Gilbert,Pleat,Male,Shuangjiang,VP Quality Control,$29673.01,23.473499,99.827697
983,Jarid,Petrazzi,Male,Chubek,VP Marketing,$69175.73,37.6254329,69.636351
984,Andrea,Apple,Male,Mosfilotí,Account Executive,$97631.70,34.9563216,33.4271403
985,Dannel,Chopin,Male,Nanjie,Cost Accountant,$32671.90,26.6849798,100.7492159
986,Alta,Chaudhry,Female,Tambakrejo,Accounting Assistant III,$22750.50,-8.3010912,112.1489829
987,Gris,Durrance,Male,Pittsburgh,Executive Secretary,$83121.89,40.44,-79.98
988,Edd,Putley,Male,Tiannan,Staff Accountant I,$11209.81,39.3433574,117.3616476
989,Fabiano,Clinton,Male,Aguaí,Software Test Engineer II,$56279.89,-22.0573092,-46.9774205
990,Barn,Eskriet,Male,Botlhapatlou,Budget/Accounting Analyst IV,$36392.28,-24.023293,25.4896433
991,Mic,Benbough,Male,Arbeláez,GIS Technical Architect,$89017.71,4.272793,-74.416014
992,Scotti,Dusey,Male,Medveditskiy,Senior Cost Accountant,$75714.21,50.7842909,44.712888
993,Levi,Ramsell,Male,Lluchubamba,Account Coordinator,$84527.06,-7.5231833,-77.9710098
994,Nilson,Dupree,Male,Öjebyn,Legal Assistant,$14880.62,65.4026,21.1886684
995,Niki,Ashbrook,Male,Novozavidovskiy,Media Manager II,$67437.88,56.5514786,36.4347173
996,Kathye,Grasser,Female,Dzaoudzi,Accountant IV,$65520.45,-12.7822122,45.2582086
997,Haskell,Kempston,Male,Ban Talat Nua,Biostatistician I,$37021.92,7.9122744,98.3459726
998,Holly-anne,Gerbl,Female,Guanaja,Speech Pathologist,$16200.10,16.4826614,-85.8793252
999,Marysa,Purdie,Female,Sioah,Desktop Support Technician,$95912.44,5.5864963,95.3514016
1000,Jewell,Haselden,Female,Springfield,Business Systems Development Analyst,$30556.12,39.8,-89.65
